studio,parent_studio,scene_count,recommended_tags,confidence,notes
Real Wife Stories,Brazzers,756,THEME: Cheating; PROD: Narrative,high,Brazzers wives/infidelity story line; wife-sharing not part of premise
Tushy,Vixen Media Group,589,ACT: Anal sex; PROD: Glamour,high,VMG anal-focused glamcore; anal is the brand
Jules Jordan,,569,PROD: Gonzo,high,"Hardcore gonzo, intensity-focused"
Vixen,Vixen Media Group,534,PROD: Glamour,high,VMG flagship glamcore
Babes,Babes (Network),532,PROD: Glamour,high,Sensual/aesthetic glam network
Passion HD,Fuck You Cash,463,PROD: Glamour; THEME: Romance,high,Romantic high-end hardcore
Brazzers Exxtra,Brazzers,452,PROD: Gonzo,high,"Brazzers catch-all non-series scenes, gonzo style"
Deeper,Vixen Media Group,439,PROD: Narrative; KINK: Dom/Sub,high,VMG story-driven; power/exchange themes dominate
New Sensations,,421,PROD: Narrative; THEME: Romance,high,Feature/romance & parody series house
The Upper Floor,Kink,389,KINK: Bondage; THEME: Orgy; SET: Dungeon,high,Kink.com Upper Floor: formal BDSM play parties
RK Prime,Reality Kings,381,PROD: Reality,high,Reality Kings main reality-style line
Men In Pain,Kink,368,KINK: Dom/Sub; KINK: CBT,high,Kink.com femdom/CBT site
Pure Taboo,Adult Time Originals,351,PROD: Narrative; THEME: Taboo,high,Adult Time's dark taboo narrative imprint
Casting Couch X,Fuck You Cash,344,PROD: Amateur; THEME: First time,high,'Casting' first-timer amateur format
The White Boxxx,LetsDoeIt,313,PROD: Glamour,high,LetsDoeIt glamcore line
Tushy Raw,Vixen Media Group,305,ACT: Anal sex; PROD: Gonzo,high,Tushy's rawer gonzo anal line
Evil Angel,,281,PROD: Gonzo,high,Hardcore gonzo distributor
Elegant Angel,,277,PROD: Gonzo,high,Hardcore gonzo
Sex and Submission,Kink,253,KINK: Bondage; KINK: Dom/Sub,high,Kink.com BDSM + sex site
Premium Bukkake,,246,ACT: Bukkake,high,Single-focus bukkake/gokkun studio (titles confirm)
HotwifeXXX,New Sensations,200,THEME: Hotwife,high,Hotwife specialist
Private Society,,199,PROD: Amateur; THEME: Hotwife,high,Real amateurs; shared-wife scenes with husband's approval (titles confirm)
Madonna,,197,,high,"JAV hitozuma (married-woman) label; married ≠ infidelity, age is a derived axis — no studio-level default"
Touch My Wife,Manipulative Media,192,THEME: Hotwife; THEME: Cuckolding,high,Wife-sharing/cuckold studio
Hot Milfs Fuck,ExploitedX,184,PROD: Amateur,high,Amateur site; age axis derived from performer data
Shane Diesel XXX,New Sensations,184,BODY: Big dick,high,Shane Diesel brand; ethnicity/cast composition is derived from performer data
Fucked And Bound,Kink,175,KINK: Bondage,high,Kink.com bondage hardcore
Sinful XXX,Adult Prime,174,PROD: Glamour; THEME: Romance,high,Adult Prime couples-erotic line
Big Naturals,Reality Kings,171,BODY: Big breasts; BODY: Natural breasts; PROD: Reality,high,RK natural-breasts reality site
Mormon Girlz,TeamSkeet (Network),166,THEME: Taboo,high,Mormon taboo/fetish premise
Penthouse Gold,Penthouse,162,PROD: Glamour,high,Penthouse classic glamour catalog
LA Sublime,,150,PROD: Glamour,high,Italian glamour studio (LaSublimeXXX; Elena Grimaldi etc.)
PornFidelity,Kelly Madison Media,150,PROD: Gonzo,high,Kelly Madison gonzo line
Divine Bitches,Kink,149,KINK: Dom/Sub; KINK: Humiliation,high,Kink.com femdom site
Deep Lush,NF Media,148,PROD: Glamour; THEME: Romance,high,Intimate/sensual couples-adjacent line
Device Bondage,Kink,147,KINK: Bondage; KINK: Gags/restraints,high,Kink.com device/restraint bondage
Dirty Wives Club,Naughty America (Network),145,THEME: Cheating,high,NA wife-cheating site; hotwife not part of premise
The Training of O,Kink,143,KINK: Dom/Sub; KINK: Bondage,high,Kink.com slave-training series
Interracial Pass,Hush Hush Entertainment,140,,high,Hush Hush network; ethnicity/cast composition is derived from performer data — no studio-level default
Pornstars Punishment,Brazzers,139,KINK: Rough sex,high,Brazzers rough/punishment series
MILFs Like it Big,Brazzers,138,BODY: Big dick,high,Brazzers big-dick site; age axis derived from performer data
Dorcel Club,Dorcel,131,PROD: Glamour,high,Marc Dorcel French glamour
Digital Playground,,128,PROD: Narrative,high,Big-budget feature studio
Sweet Sinner,Mile High Media,126,PROD: Narrative; THEME: Romance,high,Mile High couples/romance features
Hot Wife XXX,New Sensations,124,THEME: Hotwife,high,New Sensations hotwife line
Tonight's Girlfriend,La Touraine,123,THEME: Roleplay,high,Escort/GFE fantasy roleplay format
XXX Shades,LetsDoeIt,121,THEME: Romance; KINK: Dom/Sub,high,LetsDoeIt Fifty-Shades-inspired line
Exotic4K,Fuck You Cash,112,,high,4K WOC/ebony focus; ethnicity is a derived DEMO axis from performer data — no studio-level default
Pornstars Like It Big,Brazzers,112,BODY: Big dick,high,Brazzers big-dick site
Public Disgrace,Kink,107,KINK: Humiliation; THEME: Exhibitionism,high,Kink.com public humiliation
Hard X,XEmpire,95,PROD: Gonzo,high,XEmpire hardcore gonzo
Love Her Feet,Love Her Films,93,KINK: Foot fetish,high,Foot-fetish studio
Look At Her Now,Reality Kings,89,PROD: Reality,high,RK reality line
MILFY,Vixen Media Group,85,,high,VMG MILF brand; age axis derived from performer data — no studio-level default
Dungeon Sex,Kink,84,KINK: Bondage; SET: Dungeon,high,Kink.com dungeon hardcore
Thundercock,Naughty America (Network),83,BODY: Big dick,high,NA big-dick series
Lethal Hardcore,Lethal Pass,82,PROD: Gonzo,high,Gonzo studio
I Have A Wife,Naughty America (Network),77,THEME: Cheating,high,NA cheating series
I Want Clips: Rr Productions,,77,KINK: Chastity/orgasm control; KINK: Dom/Sub,high,Clip store; chastity/ruined-orgasm femdom (titles confirm)
Don't Break Me,Mofos,76,BODY: Petite; BODY: Big dick,high,Mofos tiny-vs-big series
Freeze,Romero Multimedia,76,THEME: Sci-fi/Fantasy,medium,Romero Multimedia freeze/time-stop fetish site (XBIZ 2023); titles are freeze scenarios
Exploited College Girls,ExploitedX,69,PROD: Amateur; THEME: First time,high,College first-timer amateur
She Will Cheat,Metro HD,69,THEME: Cheating,high,Cheating studio
Manyvids: Rr_productions,,68,KINK: Dom/Sub; KINK: Pegging; KINK: CBT,high,Femdom clip store: pegging/ballbusting/chastity (titles confirm)
Big Cock Bully,Naughty America (Network),67,BODY: Big dick; THEME: Cheating,high,NA bully-seduces series
Reality Junkies,Mile High Media,67,PROD: Reality,high,Mile High reality line
Spizoo,,66,PROD: Gonzo,high,Gonzo studio
Devil's Film,Devil's Film (Network),63,PROD: Gonzo,high,Gonzo; parody series too
HardX,XEmpire,63,PROD: Gonzo,high,Duplicate entry of Hard X (XEmpire) — merge candidate
Teens Love Huge Cocks,Reality Kings,63,BODY: Big dick,high,RK big-dick site; age axis derived from performer data
Backroom Casting Couch,ExploitedX,61,PROD: Amateur; THEME: First time,high,'Couch' amateur first-timer format
Moms Bang Teens,Reality Kings,61,THEME: Older/younger,high,RK MILF+teen threesomes; age axis derived from performer data
Girlsway,Girlsway (Network),60,,high,All-girl network flagship; cast composition is a derived CAST axis — no studio-level default
Nubile Films,,60,PROD: Glamour; THEME: Romance,high,Glam/romantic line
Baby Got Boobs,Brazzers,59,BODY: Big breasts,high,Brazzers big-chest site; age axis derived from performer data
My Sister's Hot Friend,Naughty America (Network),59,THEME: Taboo,high,NA quasi-family taboo series
Naughty Office,Naughty America (Network),58,SET: Office,high,NA workplace series
Teens Like It Big,Brazzers,58,BODY: Big dick,high,Brazzers big-dick site; age axis derived from performer data
Sneaky Sex,Reality Kings,57,THEME: Cheating,high,RK almost-caught/sneaky series
Lubed,Fuck You Cash,56,BODY: Oiled,high,Oiled/lube-focused 4K site
Porn Force,Full Porn Network,55,KINK: Rough sex,high,Full Porn Network rough line
2 Drops,ManyVids,54,ACT: Cumshot - face,high,Facial-centric per-performer scenes ('The Big Facial' pattern)
Nuru Massage,Fantasy Massage (Network),54,THEME: Massage,high,Nuru massage site
Digital Playground Episodes,Digital Playground,53,PROD: Narrative,high,DP episodic scene line
Porn World,Pornbox,52,PROD: Gonzo,high,Pornbox European hardcore network
Twistys,,49,PROD: Glamour,high,Glamour network (solo/girl/bg)
ZZ Series,Brazzers,49,PROD: Narrative; THEME: Parody,high,Brazzers big-budget feature/parody line
Submissived,TeamSkeet (Network),47,KINK: Dom/Sub; KINK: Rough sex,high,TeamSkeet submission/rough line
Teen Fidelity,Kelly Madison Media,47,PROD: Gonzo,high,Kelly Madison gonzo line; age axis derived from performer data
Ashlynn Brooke,New Sensations,46,,review,Performer showcase line — no studio-level characteristic established; review before inheriting anything
Nagae Style,,45,THEME: Cuckolding; THEME: Cheating,high,JAV cuckold specialist (NSFS codes; titles confirm)
Pure Mature,Fuck You Cash,44,PROD: Glamour,high,Polished glam site; age axis derived from performer data
Mommy Got Boobs,Brazzers,43,BODY: Big breasts,high,Brazzers big-chest site; age axis derived from performer data
My Friend's Hot Mom,Naughty America (Network),41,THEME: Older/younger,high,NA series; age axis derived from performer data
Taboo Heat,Cory Chase (Network),39,THEME: Step-family; THEME: Taboo,high,Cory Chase step-family studio
Big Butts Like It Big,Brazzers,38,BODY: Big ass; ACT: Anal sex,high,Brazzers anal big-butt site
Mean Bitches,MeanWorld Megasite,38,KINK: Humiliation; KINK: Dom/Sub,high,MeanWorld femdom/humiliation site
SexArt,MetArt Network,38,PROD: Glamour; THEME: Romance,high,MetArt erotic line
POVD,Fuck You Cash,37,PROD: POV,high,POV 4K site
EroticaX,XEmpire,36,PROD: Glamour; THEME: Romance,high,XEmpire erotic line
Throated,Blowpass (Network),36,,high,Deepthroat/oral site; ACT: Blowjob is retired in production mapping (61% of library — not discriminative)
Doe Projects,LetsDoeIt,35,PROD: Gonzo,high,LetsDoeIt explicit gonzo line (titles confirm)
Housewife 1 On 1,Naughty America (Network),34,PROD: POV,high,NA POV wife series; 'wife' alone does not imply hotwife
Mom XXX,Sexy Hub,34,PROD: Glamour,high,Sexy Hub glam line; age axis derived from performer data
Porn Fidelity,Kelly Madison Media,34,PROD: Gonzo,high,Duplicate entry of PornFidelity — merge candidate
Wifey,Vixen Media Group,34,THEME: Hotwife; PROD: Amateur,high,Real-couple hotwife content (titles confirm)
TeenFidelity,Kelly Madison Media,33,PROD: Gonzo,high,Duplicate entry of Teen Fidelity — merge candidate; age axis derived
Wicked,,33,PROD: Narrative; THEME: Parody,high,Wicked Pictures features
X-Art,Malibu Media,33,PROD: Glamour; THEME: Romance,high,Glam/romantic couples favorite
Hunter,,31,THEME: Step-family; THEME: Older/younger,high,JAV HUNTA label: stepfamily/harem setups (titles + web confirm)
Miss Penny Barber,Clips4Sale,31,KINK: Dom/Sub; KINK: Sissification,high,Mommy-dom/sissy clip store (titles confirm)
MYLF X Mandy Flores,MYLF,31,,high,MYLF collab line; age axis derived from performer data — no studio-level default
Vivid,,31,PROD: Narrative; THEME: Parody,high,Vivid features/celebrity catalog
Arch Angel,,30,PROD: Gonzo; BODY: Big ass,high,Gonzo; big-butt focus
LeWood,,30,PROD: Gonzo; ACT: Anal sex,high,"Francesca Le/Mark Wood gonzo, anal-heavy"
MILF Hunter,Reality Kings,30,PROD: Reality,high,RK classic reality pickup series; age axis derived from performer data
My Dad's Hot Girlfriend,Naughty America (Network),30,THEME: Cheating,high,NA cheating series
My Wife's Hot Friend,Naughty America (Network),30,THEME: Cheating,high,"Premise is sex with the wife's friend — cheating, not wife-sharing"
Hot Wife Fun,,28,THEME: Hotwife,high,Hotwife amateur studio
House Of Taboo,DDF Network,28,KINK: Bondage; THEME: Taboo,high,DDM fetish site
Immoral Live,Blowpass (Network),28,PROD: Webcam,high,Live-stream show line (Blowpass)
Mrs. Creampie,,28,ACT: Cumshot - internal,high,NA creampie series; age axis derived from performer data
Mrs. Creampie (Standalone),La Touraine,28,ACT: Cumshot - internal,high,Duplicate Mrs. Creampie entry — merge candidate
My First Sex Teacher,Naughty America (Network),28,THEME: Roleplay; SET: School,high,NA teacher-fantasy roleplay series
Neighbor Affair,Naughty America (Network),28,THEME: Cheating,high,NA neighbor series
Manyvids: Penny Barber,,27,KINK: Dom/Sub; KINK: Sissification,high,Same content as Miss Penny Barber store
Pervs On Patrol,Mofos,27,THEME: Voyeurism,high,Mofos voyeur/spycam series
Pornstar Wife,Naughty America (Network),27,,high,NA wife series; nothing in the premise establishes wife-sharing — no studio-level default
Real Ex Girlfriends,Porn Pros,27,PROD: Amateur,high,Porn Pros GF amateur line
Twistys Hard,Twistys,27,PROD: Glamour,high,Twistys bg hardcore line
James Deen,Full Porn Network,26,PROD: Gonzo,high,Performer-branded gonzo line
Nubiles.net,Nubiles Porn (Network),26,PROD: Glamour,high,Glam flagship; age axis derived from performer data
Abuse Me,Skywire,25,KINK: Rough sex,high,Rough Network series
Hogtied,Kink,25,KINK: Bondage,high,Kink.com rope bondage site
JET Eizo,,25,THEME: Cuckolding; THEME: Cheating,high,JAV NTR/cuckold label (NGOD codes; titles confirm)
Kink Features,Kink,25,PROD: Narrative; KINK: Bondage,high,Kink.com story-driven features
Sexually Broken,Insex on Demand,25,KINK: Bondage; KINK: Rough sex,high,Insex hardcore bondage/bj site
Femdom Empire,,23,KINK: Dom/Sub; KINK: Humiliation,high,Femdom studio
Otona No Drama,Attackers,23,PROD: Narrative; THEME: Cheating,high,Attackers ADN adult-drama label; infidelity dramas (titles confirm)
Pascals Sub Sluts,,23,KINK: Dom/Sub; KINK: Rough sex,high,UK dom/sub rough site
Property Sex,,23,THEME: Roleplay,high,Real-estate scenario roleplay site
Watch You Cheat,Adult Time Originals,23,THEME: Cheating; THEME: Cuckolding,high,Adult Time cheating/cuckold POV line
Big Tits In Uniform,Brazzers,22,BODY: Big breasts; WARD: Uniform,high,Brazzers uniform/big-chest site
Flixxx,Digital Playground,22,PROD: Gonzo,medium,Digital Playground short web-scene line
Mommy Blows Best,Blowpass (Network),22,,high,ACT: Blowjob retired (not discriminative); age axis derived — no studio-level default
Ure Comi,Madonna,22,PROD: Narrative,high,"Madonna's live-action erotic-manga adaptation label (adaptation ≠ parody). Title sample: infidelity/cuckolding in ~half, step-family in the rest — not consistent enough to inherit Cheating"
Erotica X,XEmpire,21,PROD: Glamour; THEME: Romance,high,Duplicate entry of EroticaX — merge candidate
My Wife Is My Pornstar,,20,THEME: Hotwife,high,Hotwife fantasy series; wife performs for/with husband's knowledge
NF Busty,Nubile Films,20,BODY: Big breasts,high,Nubile Films busty line
Tiny4K,Fuck You Cash,20,BODY: Petite,high,Petite 4K site
Zero Tolerance,,20,PROD: Gonzo,high,Gonzo studio
