source_tag,snapshot_scenes,decision,outputs,reason
prone bone,572,ignore,,Taxonomy review 2026-09-07: Hide position variants under the user-selected compact taxonomy policy.
moaning,331,ignore,,"Taxonomy review 2026-09-07: Hide minor appearance, expression, prop, series or vague premise details; do not infer acts, demographics or relationships."
eye contact,288,ignore,,"Taxonomy review 2026-09-07: Hide minor appearance, expression, prop, series or vague premise details; do not infer acts, demographics or relationships."
behind the scenes,229,map,PROD: Behind the scenes,Taxonomy review 2026-09-07: Distinct production format.
twerking,206,ignore,,"Taxonomy review 2026-09-07: Hide minor appearance, expression, prop, series or vague premise details; do not infer acts, demographics or relationships."
interview,184,map,PROD: Interview,Taxonomy review 2026-09-07: Merge interview variants without inferring reality or amateur production.
dirty talk,181,map,KINK: Dirty talk,Taxonomy review 2026-09-07: Useful speech-related filter distinct from humiliation.
side cowgirl,170,ignore,,Taxonomy review 2026-09-07: Hide position variants under the user-selected compact taxonomy policy.
food,139,map,KINK: Food play,Taxonomy review 2026-09-07: Existing rule note explicitly identifies food play.
gokkun,100,map,ACT: Cumshot - mouth,Taxonomy review 2026-09-07: Use the existing mouth/swallowing family; consolidate with drinking cum.
doggy 9,79,ignore,,Taxonomy review 2026-09-07: Hide position variants under the user-selected compact taxonomy policy.
face down ass up,71,ignore,,Taxonomy review 2026-09-07: Hide position variants under the user-selected compact taxonomy policy.
squatting cowgirl,68,ignore,,Taxonomy review 2026-09-07: Hide position variants under the user-selected compact taxonomy policy.
lazy reverse cowgirl,48,ignore,,Taxonomy review 2026-09-07: Hide position variants under the user-selected compact taxonomy policy.
arch,38,ignore,,Taxonomy review 2026-09-07: Hide position variants under the user-selected compact taxonomy policy.
standing 69,38,ignore,,Taxonomy review 2026-09-07: Hide position variants under the user-selected compact taxonomy policy.
squatting reverse cowgirl,34,ignore,,Taxonomy review 2026-09-07: Hide position variants under the user-selected compact taxonomy policy.
transparent clothing,34,map,WARD: Sheer clothing,Taxonomy review 2026-09-07: Transparency does not establish garment type.
bulldog,32,ignore,,Taxonomy review 2026-09-07: Hide position variants under the user-selected compact taxonomy policy.
glory hole,31,map,THEME: Glory hole,Taxonomy review 2026-09-07: Distinct setup; does not establish a specific act.
full nelson,30,ignore,,Taxonomy review 2026-09-07: Hide position variants under the user-selected compact taxonomy policy.
makeup,28,ignore,,"Taxonomy review 2026-09-07: Hide minor appearance, expression, prop, series or vague premise details; do not infer acts, demographics or relationships."
slavic,28,ignore,,"Taxonomy review 2026-09-07: Hide minor appearance, expression, prop, series or vague premise details; do not infer acts, demographics or relationships."
anal bulldog,27,ignore,,Taxonomy review 2026-09-07: Hide position variants under the user-selected compact taxonomy policy.
photoshoot,27,map,PROD: Photoshoot,Taxonomy review 2026-09-07: Consolidate the existing photoshoot/modeling detail family.
ahegao,26,ignore,,"Taxonomy review 2026-09-07: Hide minor appearance, expression, prop, series or vague premise details; do not infer acts, demographics or relationships."
crying,26,ignore,,"Taxonomy review 2026-09-07: Hide minor appearance, expression, prop, series or vague premise details; do not infer acts, demographics or relationships."
eyes - green,26,ignore,,"Taxonomy review 2026-09-07: Hide minor appearance, expression, prop, series or vague premise details; do not infer acts, demographics or relationships."
gripping pussy,26,ignore,,"Taxonomy review 2026-09-07: Hide minor appearance, expression, prop, series or vague premise details; do not infer acts, demographics or relationships."
hand gagging,26,map,KINK: Gags/restraints,Taxonomy review 2026-09-07: Explicit gagging by hand.
ottoman,26,ignore,,"Taxonomy review 2026-09-07: Hide minor appearance, expression, prop, series or vague premise details; do not infer acts, demographics or relationships."
belt,25,ignore,,"Taxonomy review 2026-09-07: Hide minor appearance, expression, prop, series or vague premise details; do not infer acts, demographics or relationships."
cap,25,ignore,,"Taxonomy review 2026-09-07: Hide minor appearance, expression, prop, series or vague premise details; do not infer acts, demographics or relationships."
coed,25,ignore,,"Taxonomy review 2026-09-07: Hide minor appearance, expression, prop, series or vague premise details; do not infer acts, demographics or relationships."
my mom's fucking blackzilla,25,ignore,,"Taxonomy review 2026-09-07: Hide minor appearance, expression, prop, series or vague premise details; do not infer acts, demographics or relationships."
pre-scene interview,24,map,PROD: Interview,Taxonomy review 2026-09-07: Merge interview variants without inferring reality or amateur production.
trimmed dick,24,ignore,,"Taxonomy review 2026-09-07: Hide minor appearance, expression, prop, series or vague premise details; do not infer acts, demographics or relationships."
pervert,23,ignore,,"Taxonomy review 2026-09-07: Hide minor appearance, expression, prop, series or vague premise details; do not infer acts, demographics or relationships."
spread pussy,23,ignore,,"Taxonomy review 2026-09-07: Hide minor appearance, expression, prop, series or vague premise details; do not infer acts, demographics or relationships."
comedy,22,ignore,,Compact taxonomy review 2026-09-07: Omit optional detail rather than expanding the taxonomy or forcing a misleading substitute.
enhanced lips,22,ignore,,Compact taxonomy review 2026-09-07: Omit optional detail rather than expanding the taxonomy or forcing a misleading substitute.
holding hair,22,ignore,,Taxonomy review 2026-09-07: Holding hair alone does not establish pulling or rough sex.
revenge,22,ignore,,Compact taxonomy review 2026-09-07: Omit optional detail rather than expanding the taxonomy or forcing a misleading substitute.
fake cum,21,ignore,,"Taxonomy review 2026-09-07: Hide minor appearance, expression, prop, series or vague premise details; do not infer acts, demographics or relationships."
slow dance,21,ignore,,"Taxonomy review 2026-09-07: Hide minor appearance, expression, prop, series or vague premise details; do not infer acts, demographics or relationships."
wall,21,ignore,,Taxonomy review 2026-09-07: Hide position variants under the user-selected compact taxonomy policy.
eyes - grey,20,ignore,,"Taxonomy review 2026-09-07: Hide minor appearance, expression, prop, series or vague premise details; do not infer acts, demographics or relationships."
fucking after cumshot,20,ignore,,"Taxonomy review 2026-09-07: Hide minor appearance, expression, prop, series or vague premise details; do not infer acts, demographics or relationships."
reverse piledriver,20,ignore,,Taxonomy review 2026-09-07: Hide position variants under the user-selected compact taxonomy policy.
exploitation,19,ignore,,"Taxonomy review 2026-09-07: Hide minor appearance, expression, prop, series or vague premise details; do not infer acts, demographics or relationships."
big vs. small,18,ignore,,Compact taxonomy review 2026-09-07: Omit optional detail rather than expanding the taxonomy or forcing a misleading substitute.
dancing,17,ignore,,"Taxonomy review 2026-09-07: Hide minor appearance, expression, prop, series or vague premise details; do not infer acts, demographics or relationships."
girl next door,17,ignore,,"Taxonomy review 2026-09-07: Hide minor appearance, expression, prop, series or vague premise details; do not infer acts, demographics or relationships."
corruption,16,ignore,,"Taxonomy review 2026-09-07: Hide minor appearance, expression, prop, series or vague premise details; do not infer acts, demographics or relationships."
lotus,16,ignore,,Taxonomy review 2026-09-07: Hide position variants under the user-selected compact taxonomy policy.
mirror,16,ignore,,"Taxonomy review 2026-09-07: Hide minor appearance, expression, prop, series or vague premise details; do not infer acts, demographics or relationships."
nerd,16,map,THEME: Roleplay,Taxonomy review 2026-09-07: Character archetype; no inferred school setting.
biting balls,15,ignore,,Compact taxonomy review 2026-09-07: Omit optional detail rather than expanding the taxonomy or forcing a misleading substitute.
cowboy,15,ignore,,Taxonomy review 2026-09-07: Hide position variants under the user-selected compact taxonomy policy.
female directed,15,ignore,,Compact taxonomy review 2026-09-07: Omit optional detail rather than expanding the taxonomy or forcing a misleading substitute.
holding balls during blowjob,15,map,ACT: Blowjob,Taxonomy review 2026-09-07: Act explicitly named; omit incidental hand placement.
pornstar wife,15,ignore,,"Taxonomy review 2026-09-07: Hide minor appearance, expression, prop, series or vague premise details; do not infer acts, demographics or relationships."
bridge,14,ignore,,Taxonomy review 2026-09-07: Hide position variants under the user-selected compact taxonomy policy.
multiple ejaculations,14,ignore,,"Taxonomy review 2026-09-07: Hide minor appearance, expression, prop, series or vague premise details; do not infer acts, demographics or relationships."
modeling,13,map,PROD: Photoshoot,Taxonomy review 2026-09-07: Consolidate the existing photoshoot/modeling detail family.
twerking sex,10,ignore,,Taxonomy review 2026-09-07: Hide position variants under the user-selected compact taxonomy policy.
live show,9,ignore,,Compact taxonomy review 2026-09-07: Omit optional detail rather than expanding the taxonomy or forcing a misleading substitute.
the pose,7,ignore,,Taxonomy review 2026-09-07: Hide position variants under the user-selected compact taxonomy policy.
sloppy seconds,4,ignore,,Compact taxonomy review 2026-09-07: Omit optional detail rather than expanding the taxonomy or forcing a misleading substitute.
split,2,ignore,,Taxonomy review 2026-09-07: Hide position variants under the user-selected compact taxonomy policy.
cum dripping,0,ignore,,"Taxonomy review 2026-09-07: Hide minor appearance, expression, prop, series or vague premise details; do not infer acts, demographics or relationships."
