tag,attached_scene_count,live_dictionary_status,live_outputs,local_disposition,local_outputs
CURATOR: Core Processed,20166,not in snapshot,,no explicit rule,
DEMO: Caucasian Female,15645,not in snapshot,,no explicit rule,
ACT: Blowjob,12498,translated,ACT: Blowjob,map,ACT: Blowjob
DEMO: Caucasian Male,12276,not in snapshot,,no explicit rule,
CAST: 1M1F,12270,not in snapshot,,no explicit rule,
BODY: Height 160-169cm (F),11280,not in snapshot,,no explicit rule,
BODY: Tattooed,10892,translated,BODY: Tattooed,map,BODY: Tattooed
AGE: 23-29 (F),9442,not in snapshot,,no explicit rule,
BODY: Height 180+cm (M),9261,not in snapshot,,no explicit rule,
AGE: 30-39 (M),7824,not in snapshot,,no explicit rule,
BODY: Shaved,7679,translated,BODY: Shaved,map,BODY: Shaved
ACT: Cunnilingus,7489,translated,ACT: Cunnilingus,map,ACT: Cunnilingus
BODY: Pierced,7111,translated,BODY: Pierced,map,BODY: Pierced
DEMO: Interracial,6976,translated,DEMO: Interracial,ignore,
ACT: Cumshot - face,6960,translated,ACT: Cumshot - face,map,ACT: Cumshot - face
BODY: Natural breasts,6653,translated,BODY: Natural breasts,map,BODY: Natural breasts
PROD: Gonzo,6517,translated,PROD: Gonzo,map,PROD: Gonzo
AGE: 18-22 (F),6215,not in snapshot,,no explicit rule,
BODY: Big dick,5929,translated,BODY: Big dick,map,BODY: Big dick
BODY: Height 170-179cm (F),5808,not in snapshot,,no explicit rule,
BODY: Height 170-179cm (M),5744,not in snapshot,,no explicit rule,
BODY: Big breasts,5372,translated,BODY: Big breasts,map,BODY: Big breasts
AGE: 30-39 (F),4728,not in snapshot,,no explicit rule,
ACT: Fingering,4402,translated,ACT: Fingering,map,ACT: Fingering
BODY: Height 150-159cm (F),4377,not in snapshot,,no explicit rule,
ACT: Rimming,4011,translated,ACT: Rimming,map,ACT: Rimming
KINK: Spanking/impact,3968,translated,KINK: Spanking/impact,map,KINK: Spanking/impact
ACT: Anal sex,3880,translated,ACT: Anal sex,map,ACT: Anal sex
ACT: Cumshot - mouth,3867,translated,ACT: Cumshot - mouth,map,ACT: Cumshot - mouth
THEME: Married IRL,3849,not in snapshot,,no explicit rule,
AGE: 40-49 (M),3710,not in snapshot,,no explicit rule,
AGE: 23-29 (M),3554,not in snapshot,,no explicit rule,
ACT: Vaginal sex,3494,translated,ACT: Vaginal sex,map,ACT: Vaginal sex
ACT: Handjob,3455,translated,ACT: Handjob,map,ACT: Handjob
BODY: Big ass,3333,translated,BODY: Big ass,map,BODY: Big ass
CURATOR: Needs Review,3095,not in snapshot,,no explicit rule,
BODY: Small breasts,3018,translated,BODY: Small breasts,map,BODY: Small breasts
BODY: Augmented breasts,2827,translated,BODY: Augmented breasts,map,BODY: Augmented breasts
ACT: Titjob,2824,translated,ACT: Titjob,map,ACT: Titjob
BODY: Athletic,2766,not in snapshot,,no explicit rule,
DEMO: Latin Female,2674,not in snapshot,,no explicit rule,
WARD: Lingerie,2651,translated,WARD: Lingerie,map,WARD: Lingerie
ACT: Kissing,2538,translated,ACT: Kissing,map,ACT: Kissing
BODY: Medium ass,2493,not in snapshot,,no explicit rule,
ACT: Cumshot - body,2483,translated,ACT: Cumshot - body,map,ACT: Cumshot - body
CURATOR: Ambiguous Provider Match,2471,not in snapshot,,no explicit rule,
WARD: Casual,2451,translated,WARD: Casual,map,WARD: Casual
THEME: Roleplay,2422,translated,THEME: Roleplay,map,THEME: Roleplay
KINK: Dom/Sub,2367,translated,KINK: Dom/Sub,map,KINK: Dom/Sub
ACT: Masturbation,2348,translated,ACT: Masturbation,map,ACT: Masturbation
CAST: 1F,2168,not in snapshot,,no explicit rule,
KINK: Humiliation,2135,translated,KINK: Humiliation,map,KINK: Humiliation
ACT: Sex toys,2115,not in snapshot,,no explicit rule,
WARD: Heels,2090,not in snapshot,,no explicit rule,
ACT: Ass-to-mouth,2087,not in snapshot,,no explicit rule,
BODY: Petite,2033,translated,BODY: Petite,map,BODY: Petite
KINK: Bondage,1969,translated,KINK: Bondage,map,KINK: Bondage
BODY: Average body,1946,translated,BODY: Average body,map,BODY: Average body
CAST: 1M2F,1938,not in snapshot,,no explicit rule,
BODY: Hairy,1912,translated,BODY: Hairy,map,BODY: Hairy
KINK: Chastity/orgasm control,1868,translated,KINK: Chastity/orgasm control,map,KINK: Chastity/orgasm control
DEMO: Black Male,1852,not in snapshot,,no explicit rule,
PROD: Narrative,1827,translated,PROD: Narrative,map,PROD: Narrative
ACT: Cumshot - internal,1818,translated,ACT: Cumshot - internal,map,ACT: Cumshot - internal
BODY: Slim,1792,not in snapshot,,no explicit rule,
BODY: Weight 50-59kg (F),1720,not in snapshot,,no explicit rule,
THEME: Cheating,1612,translated,THEME: Cheating,map,THEME: Cheating
WARD: Stockings,1610,translated,WARD: Stockings,map,WARD: Stockings
THEME: Wife sharing,1592,translated,THEME: Wife sharing,map,THEME: Wife sharing
BODY: Medium breasts,1582,not in snapshot,,no explicit rule,
WARD: Dress,1538,translated,WARD: Dress,map,WARD: Dress
BODY: Small ass,1456,not in snapshot,,no explicit rule,
SET: Bedroom,1456,translated,SET: Bedroom,map,SET: Bedroom
BODY: Muscular,1401,not in snapshot,,no explicit rule,
PROD: POV,1381,translated,PROD: POV,map,PROD: POV
PROD: Amateur,1364,not in snapshot,,no explicit rule,
KINK: Foot fetish,1310,translated,KINK: Foot fetish,map,KINK: Foot fetish
CAST: Group,1285,translated,CAST: Group,ignore,
SET: Outdoor,1224,translated,SET: Outdoor,map,SET: Outdoor
BODY: Uncircumcised,1174,translated,BODY: Uncircumcised,map,BODY: Uncircumcised
SET: Living room,1163,translated,SET: Living room,map,SET: Living room
WARD: Thong,1154,not in snapshot,,no explicit rule,
BODY: Curvy,1141,translated,BODY: Curvy,map,BODY: Curvy
DEMO: Latin Male,1108,not in snapshot,,no explicit rule,
DEMO: Mixed Male,1081,not in snapshot,,no explicit rule,
ACT: Squirting,1079,translated,ACT: Squirting,map,ACT: Squirting
BODY: Oiled,1041,not in snapshot,,no explicit rule,
AGE: 40-49 (F),996,not in snapshot,,no explicit rule,
CAST: 2F,961,not in snapshot,,no explicit rule,
DEMO: Asian Female,954,not in snapshot,,no explicit rule,
BODY: Weight <50kg (F),834,not in snapshot,,no explicit rule,
ACT: Grinding,821,not in snapshot,,no explicit rule,
AGE: 50-59 (M),810,not in snapshot,,no explicit rule,
PROD: Glamour,771,not in snapshot,,no explicit rule,
CAST: 2M1F,757,not in snapshot,,no explicit rule,
THEME: Step-family,737,translated,THEME: Step-family,map,THEME: Step-family
DEMO: Mixed Female,721,not in snapshot,,no explicit rule,
WARD: Jewelry,638,not in snapshot,,no explicit rule,
THEME: Romance,629,translated,THEME: Romance,map,THEME: Romance
CURATOR: No Provider Match,626,not in snapshot,,no explicit rule,
THEME: Voyeurism,619,not in snapshot,,no explicit rule,
SET: Bathroom,609,translated,SET: Bathroom,map,SET: Bathroom
DEMO: Black Female,597,not in snapshot,,no explicit rule,
THEME: Gangbang,597,translated,THEME: Gangbang,map,THEME: Gangbang
ACT: DP,576,not in snapshot,,no explicit rule,
prone bone,575,kept,prone bone,ignore,
KINK: Gags/restraints,566,translated,KINK: Gags/restraints,map,KINK: Gags/restraints
KINK: Choking/breath,541,translated,KINK: Choking/breath,map,KINK: Choking/breath
WARD: Bikini,525,translated,WARD: Bikini,map,WARD: Bikini
WARD: Latex/leather,519,not in snapshot,,no explicit rule,
WARD: Barefoot,474,not in snapshot,,no explicit rule,
THEME: First time,471,not in snapshot,,no explicit rule,
THEME: Older/younger,455,not in snapshot,,no explicit rule,
BODY: Tan lines,451,not in snapshot,,no explicit rule,
SET: Pool/water,440,not in snapshot,,no explicit rule,
WARD: Glasses,438,not in snapshot,,no explicit rule,
JAV,434,hidden,,ignore,
THEME: Taboo,432,translated,THEME: Taboo,map,THEME: Taboo
BODY: Circumcised,414,not in snapshot,,no explicit rule,
PROD: Reality,392,not in snapshot,,no explicit rule,
WARD: Uniform,374,translated,WARD: Uniform,map,WARD: Uniform
THEME: Massage,373,translated,THEME: Massage,map,THEME: Massage
SET: Kitchen,368,not in snapshot,,no explicit rule,
THEME: Cuckolding,368,translated,THEME: Cuckolding,map,THEME: Cuckolding
THEME: Exhibitionism,365,not in snapshot,,no explicit rule,
KINK: Sensory deprivation,364,not in snapshot,,no explicit rule,
BODY: Big nipples,361,not in snapshot,,no explicit rule,
KINK: CBT,359,not in snapshot,,no explicit rule,
KINK: Pegging,352,not in snapshot,,no explicit rule,
BODY: Height 160-169cm (M),335,not in snapshot,,no explicit rule,
WARD: Business,334,not in snapshot,,no explicit rule,
moaning,332,kept,moaning,ignore,
AGE: 18-22 (M),297,not in snapshot,,no explicit rule,
eye contact,289,kept,eye contact,ignore,
BODY: Height <150cm (F),287,not in snapshot,,no explicit rule,
CAST: 1U,280,not in snapshot,,no explicit rule,
ACT: Bukkake,276,not in snapshot,,no explicit rule,
KINK: Nipple torment,272,translated,KINK: Nipple torment,map,KINK: Nipple torment
BODY: Height 180+cm (F),267,not in snapshot,,no explicit rule,
BODY: Weight 60-69kg (F),255,not in snapshot,,no explicit rule,
THEME: Holiday/seasonal,237,not in snapshot,,no explicit rule,
behind the scenes,232,kept,behind the scenes,map,PROD: Behind the scenes
SET: Car,228,not in snapshot,,no explicit rule,
twerking,206,kept,twerking,ignore,
SET: Hotel,194,not in snapshot,,no explicit rule,
KINK: Electro play,191,not in snapshot,,no explicit rule,
dirty talk,188,kept,dirty talk,map,KINK: Dirty talk
interview,188,kept,interview,map,PROD: Interview
SET: Office,180,not in snapshot,,no explicit rule,
ACT: Fisting,174,not in snapshot,,no explicit rule,
side cowgirl,170,kept,side cowgirl,ignore,
THEME: Reluctance,169,not in snapshot,,no explicit rule,
BODY: Weight 70-79kg (F),141,not in snapshot,,no explicit rule,
Food,138,kept,food,map,KINK: Food play
WARD: Pantyhose,132,translated,WARD: Pantyhose,map,WARD: Pantyhose
THEME: Swingers,131,not in snapshot,,no explicit rule,
AGE: 50-59 (F),124,not in snapshot,,no explicit rule,
SET: Dungeon,111,not in snapshot,,no explicit rule,
Gokkun,109,kept,gokkun,map,ACT: Cumshot - mouth
KINK: Large insertion,108,not in snapshot,,no explicit rule,
Cheating Wife,103,not in snapshot,,map,THEME: Cheating
SET: Gym,103,not in snapshot,,no explicit rule,
Married Woman,102,not in snapshot,,ignore,
Hi-Def,101,hidden,,ignore,
KINK: Rough sex,98,not in snapshot,,no explicit rule,
BODY: Tall,95,translated,BODY: Tall,map,BODY: Tall
KINK: Watersports,95,not in snapshot,,no explicit rule,
SET: School,95,translated,SET: School,map,SET: School
Featured Actress,93,hidden,,ignore,
CURATOR: Has Unmapped Tags,90,not in snapshot,,no explicit rule,
doggy 9,79,kept,doggy 9,ignore,
PROD: Compilation,76,not in snapshot,,no explicit rule,
BODY: Freckles,73,not in snapshot,,no explicit rule,
face down ass up,71,kept,face down ass up,ignore,
squatting cowgirl,69,kept,squatting cowgirl,ignore,
SET: Club/bar,67,not in snapshot,,no explicit rule,
DEMO: Indian Female,66,not in snapshot,,no explicit rule,
BODY: Large labia,63,not in snapshot,,no explicit rule,
Big Tits,62,translated,BODY: Big breasts,map,BODY: Big breasts
BODY: BBW,61,not in snapshot,,no explicit rule,
KINK: Medical,60,not in snapshot,,no explicit rule,
Blowjob,51,translated,ACT: Blowjob,map,ACT: Blowjob
lazy reverse cowgirl,48,kept,lazy reverse cowgirl,ignore,
Creampie,47,translated,ACT: Cumshot - internal,map,ACT: Cumshot - internal
DEMO: Middle Eastern Female,47,not in snapshot,,no explicit rule,
KINK: Wax/temperature,45,not in snapshot,,no explicit rule,
Exclusive Distribution,43,hidden,,ignore,
Mature Woman,43,not in snapshot,,ignore,
Drama,42,not in snapshot,,no explicit rule,
THEME: Sci-fi/Fantasy,42,not in snapshot,,no explicit rule,
AGE: 60+ (M),39,not in snapshot,,no explicit rule,
Pussy Licking,38,translated,ACT: Cunnilingus,map,ACT: Cunnilingus
THEME: Freeuse,38,not in snapshot,,no explicit rule,
arch,38,kept,arch,ignore,
standing 69,38,kept,standing 69,ignore,
DEMO: Asian Male,37,not in snapshot,,no explicit rule,
Brown Hair,36,hidden,,ignore,
THEME: Wedding,35,not in snapshot,,no explicit rule,
CAST: 1M,34,not in snapshot,,no explicit rule,
Transparent Clothing,34,kept,transparent clothing,map,WARD: Sheer clothing
squatting reverse cowgirl,34,kept,squatting reverse cowgirl,ignore,
KINK: Pet play,33,not in snapshot,,no explicit rule,
BODY: Landing strip,32,not in snapshot,,no explicit rule,
bulldog,32,kept,bulldog,ignore,
full nelson,31,kept,full nelson,ignore,
glory hole,31,kept,glory hole,map,THEME: Glory hole
slavic,31,kept,slavic,ignore,
4K,30,hidden,,ignore,
AGE: 23-29,30,not in snapshot,,no explicit rule,
Deepthroat,28,translated,ACT: Blowjob,map,ACT: Blowjob
Makeup,28,kept,makeup,ignore,
Cowgirl,27,hidden,,ignore,
Crying,27,kept,crying,ignore,
PROD: Softcore,27,not in snapshot,,no explicit rule,
Threesome / Foursome,27,not in snapshot,,ignore,
anal bulldog,27,kept,anal bulldog,ignore,
photoshoot,27,kept,photoshoot,map,PROD: Photoshoot
CAST: 1F1U,26,not in snapshot,,no explicit rule,
Doggy Style,26,hidden,,ignore,
Facial,26,translated,ACT: Cumshot - face,map,ACT: Cumshot - face
ahegao,26,kept,ahegao,ignore,
eyes - green,26,kept,eyes - green,ignore,
gripping pussy,26,kept,gripping pussy,ignore,
hand gagging,26,kept,hand gagging,map,KINK: Gags/restraints
ottoman,26,kept,ottoman,ignore,
Belt,25,kept,belt,ignore,
cap,25,kept,cap,ignore,
coed,25,kept,coed,ignore,
my mom's fucking blackzilla,25,kept,my mom's fucking blackzilla,ignore,
Cumshot,24,hidden,,ignore,
KINK: Smothering,24,not in snapshot,,no explicit rule,
pre-scene interview,24,kept,pre-scene interview,map,PROD: Interview
trimmed dick,24,kept,trimmed dick,ignore,
SET: Prison,23,not in snapshot,,no explicit rule,
SET: Restaurant,23,not in snapshot,,no explicit rule,
Spread Pussy,23,kept,spread pussy,ignore,
pervert,23,kept,pervert,ignore,
Digital Mosaic,22,not in snapshot,,ignore,
Handjob,22,translated,ACT: Handjob,map,ACT: Handjob
Holding Hair,22,kept,holding hair,ignore,
Natural Tits,22,translated,BODY: Natural breasts,map,BODY: Natural breasts
Revenge,22,kept,revenge,ignore,
comedy,22,kept,comedy,ignore,
enhanced lips,22,kept,enhanced lips,ignore,
slow dance,22,kept,slow dance,ignore,
Missionary,21,hidden,,ignore,
fake cum,21,kept,fake cum,ignore,
fucking after cumshot,21,kept,fucking after cumshot,ignore,
wall,21,kept,wall,ignore,
Hairless Pussy,20,translated,BODY: Shaved,map,BODY: Shaved
Reverse Piledriver,20,kept,reverse piledriver,ignore,
eyes - grey,20,kept,eyes - grey,ignore,
Amateur,19,translated,PROD: Amateur,map,PROD: Amateur
Bukkake,19,translated,ACT: Bukkake,map,ACT: Bukkake
CAST: 2U,19,not in snapshot,,no explicit rule,
THEME: Pregnant,19,not in snapshot,,no explicit rule,
exploitation,19,kept,exploitation,ignore,
Big vs. Small,18,kept,big vs. small,ignore,
Lingerie,18,translated,WARD: Lingerie,map,WARD: Lingerie
Tattoos,18,translated,BODY: Tattooed,map,BODY: Tattooed
AGE: 60+,17,translated,AGE: 60+ (F),ignore,
Masturbation,17,translated,ACT: Masturbation,map,ACT: Masturbation
Reverse Cowgirl,17,hidden,,ignore,
Small Tits,17,translated,BODY: Small breasts,map,BODY: Small breasts
dancing,17,kept,dancing,ignore,
girl next door,17,kept,girl next door,ignore,
Big Dick,16,translated,BODY: Big dick,map,BODY: Big dick
Cum Swallowing,16,translated,ACT: Cumshot - mouth,map,ACT: Cumshot - mouth
Hotwife,16,translated,THEME: Wife sharing,map,THEME: Wife sharing
Mirror,16,kept,mirror,ignore,
PROD: Webcam,16,not in snapshot,,no explicit rule,
corruption,16,kept,corruption,ignore,
lotus,16,kept,lotus,ignore,
nerd,16,kept,nerd,map,THEME: Roleplay
Adultery,15,not in snapshot,,map,THEME: Cheating
Blond Hair,15,hidden,,ignore,
Cheating,15,translated,THEME: Cheating,map,THEME: Cheating
SET: Garage,15,not in snapshot,,no explicit rule,
SET: Hospital,15,not in snapshot,,no explicit rule,
biting balls,15,kept,biting balls,ignore,
cowboy,15,kept,cowboy,ignore,
holding balls during blowjob,15,kept,holding balls during blowjob,map,ACT: Blowjob
pornstar wife,15,kept,pornstar wife,ignore,
Cum in Mouth,14,translated,ACT: Cumshot - mouth,map,ACT: Cumshot - mouth
Kissing,14,translated,ACT: Kissing,map,ACT: Kissing
MILF (30+),14,hidden,,ignore,
bridge,14,kept,bridge,ignore,
female directed,14,kept,female directed,ignore,
multiple ejaculations,14,kept,multiple ejaculations,ignore,
Hardcore,13,hidden,,ignore,
modeling,13,kept,modeling,map,PROD: Photoshoot
American,12,hidden,,ignore,
KINK: Tickling,12,not in snapshot,,no explicit rule,
Male - POV,12,translated,PROD: POV,map,PROD: POV
AGE: 60+ (F),11,not in snapshot,,no explicit rule,
Character,11,translated,THEME: Roleplay,map,THEME: Roleplay
Interracial,11,hidden,,ignore,
Original Collaboration,11,hidden,,ignore,
Squirting,11,translated,ACT: Squirting,map,ACT: Squirting
Straight,11,hidden,,ignore,
CAST: 1M1U,10,not in snapshot,,no explicit rule,
Gonzo,10,translated,PROD: Gonzo,map,PROD: Gonzo
KINK: Armpit fetish,10,not in snapshot,,no explicit rule,
Narrative,10,translated,PROD: Narrative,map,PROD: Narrative
Pussy Fingering,10,translated,ACT: Fingering,map,ACT: Fingering
Swallowing Multiple Loads,10,translated,ACT: Cumshot - mouth,map,ACT: Cumshot - mouth
Twosome (Straight),10,hidden,,ignore,
twerking sex,10,kept,twerking sex,ignore,
4K Available,9,hidden,,ignore,
Babes,9,hidden,,ignore,
Brown Hair (Female),9,hidden,,ignore,
Medium Ass,9,translated,BODY: Medium ass,map,BODY: Medium ass
Medium Tits,9,translated,BODY: Medium breasts,map,BODY: Medium breasts
POV,9,translated,PROD: POV,map,PROD: POV
SET: Stairs,9,not in snapshot,,no explicit rule,
THEME: CFNM,9,not in snapshot,,no explicit rule,
Trimmed Pussy,9,translated,BODY: Shaved,map,BODY: Shaved
White Woman,9,hidden,,ignore,
Young Wife,9,not in snapshot,,ignore,
live show,9,kept,live show,ignore,
Beautiful Tits,8,not in snapshot,,ignore,
DEMO: Other Female,8,not in snapshot,,no explicit rule,
Documentary,8,translated,PROD: Narrative,no explicit rule,
Fingering,8,translated,ACT: Fingering,map,ACT: Fingering
Indoors,8,hidden,,ignore,
Long Hair,8,hidden,,ignore,
Piercing,8,translated,BODY: Pierced,map,BODY: Pierced
Pornstar,8,hidden,,ignore,
Short Woman,8,translated,BODY: Petite,map,BODY: Petite
THEME: Sleeping,8,not in snapshot,,no explicit rule,
Anal Sex,7,translated,ACT: Anal sex,map,ACT: Anal sex
Big Ass,7,translated,BODY: Big ass,map,BODY: Big ass
Blonde Hair (Female),7,hidden,,ignore,
Daydreamers,7,not in snapshot,,no explicit rule,
European,7,hidden,,ignore,
Face Fuck,7,translated,ACT: Blowjob,map,ACT: Blowjob
KINK: Sissification,7,not in snapshot,,no explicit rule,
No Condom,7,hidden,,ignore,
Open Mouth Facial,7,translated,ACT: Cumshot - face,map,ACT: Cumshot - face
Orgasm,7,translated,KINK: Chastity/orgasm control,ignore,
Orgy,7,translated,THEME: Gangbang,map,THEME: Orgy
SET: Utility room,7,not in snapshot,,no explicit rule,
Side Fuck,7,hidden,,ignore,
Threesome,7,hidden,,ignore,
Vaginal Sex,7,translated,ACT: Vaginal sex,map,ACT: Vaginal sex
Wife,7,translated,THEME: Wife sharing,ignore,
the pose,7,kept,the pose,ignore,
Anal,6,translated,ACT: Anal sex,map,ACT: Anal sex
Facesitting,6,translated,ACT: Cunnilingus,map,ACT: Facesitting
Family Roleplay,6,translated,THEME: Step-family,map,THEME: Step-family
Group Sex,6,translated,THEME: Gangbang,map,THEME: Orgy
Living Room,6,translated,SET: Living room,map,SET: Living room
Oral Sex,6,hidden,,ignore,
Reality Porn,6,translated,PROD: Reality,map,PROD: Reality
Rimming,6,translated,ACT: Rimming,map,ACT: Rimming
Spooning,6,hidden,,ignore,
Titjob,6,translated,ACT: Titjob,map,ACT: Titjob
Ball Sucking,5,translated,ACT: Blowjob,map,ACT: Blowjob
Choking,5,translated,KINK: Choking/breath,map,KINK: Choking/breath
Cum On Tits,5,translated,ACT: Cumshot - body,map,ACT: Cumshot - body
Cum on Pussy,5,translated,ACT: Cumshot - body,map,ACT: Cumshot - body
DEMO: Middle Eastern Male,5,not in snapshot,,no explicit rule,
Doggystyle,5,hidden,,ignore,
Embarrassment,5,not in snapshot,,no explicit rule,
Female - POV,5,translated,PROD: POV,map,PROD: POV
Hairy Pussy,5,translated,BODY: Hairy,map,BODY: Hairy
Lesbian,5,hidden,,ignore,
MILF,5,not in snapshot,,ignore,
Missing or Removed,5,hidden,,ignore,
Rough,5,translated,PROD: Gonzo,map,PROD: Gonzo
Shame,5,not in snapshot,,no explicit rule,
Stockings,5,translated,WARD: Stockings,map,WARD: Stockings
Teen (18–22),5,hidden,,ignore,
White,5,hidden,,ignore,
sloppy seconds,5,kept,sloppy seconds,ignore,
69,4,hidden,,ignore,
All Sex,4,translated,PROD: Gonzo,map,PROD: Gonzo
Blowjob - POV,4,translated,ACT: Blowjob,map,ACT: Blowjob
Breast Play,4,translated,ACT: Titjob,map,ACT: Breast play
CAST: 1M1F1U,4,not in snapshot,,no explicit rule,
CAST: 2F1U,4,not in snapshot,,no explicit rule,
Cunnilingus,4,translated,ACT: Cunnilingus,map,ACT: Cunnilingus
Fake Tits,4,translated,BODY: Augmented breasts,map,BODY: Augmented breasts
Gagging,4,translated,ACT: Blowjob,defer,
Outdoors,4,translated,SET: Outdoor,map,SET: Outdoor
Over 4 Hours,4,not in snapshot,,ignore,
Photos,4,hidden,,ignore,
Slim,4,translated,BODY: Slim,map,BODY: Slim
Spanking,4,translated,KINK: Spanking/impact,map,KINK: Spanking/impact
Standing Doggy Style,4,hidden,,ignore,
Taboo,4,translated,THEME: Taboo,map,THEME: Taboo
Variety,4,not in snapshot,,no explicit rule,
Voyeur,4,translated,THEME: Voyeurism,map,THEME: Voyeurism
White Man,4,hidden,,ignore,
60 FPS,3,hidden,,ignore,
Adorable,3,hidden,,ignore,
Anal Fingering,3,translated,ACT: Fingering,map,ACT: Fingering
Average Body,3,translated,BODY: Average body,map,BODY: Average body
Average Height Woman,3,translated,BODY: Average body,ignore,
BDSM,3,hidden,,ignore,
Bed,3,translated,SET: Bedroom,map,SET: Bedroom
Bisexual,3,hidden,,ignore,
Black Hair,3,hidden,,ignore,
CAST: 1F2U,3,not in snapshot,,no explicit rule,
CAST: 2M1U,3,not in snapshot,,no explicit rule,
Couch,3,translated,SET: Living room,map,SET: Living room
Couple,3,hidden,,ignore,
Curvy,3,translated,BODY: Curvy,map,BODY: Curvy
Drinking Cum,3,translated,ACT: Cumshot - mouth,map,ACT: Cumshot - mouth
Erotica,3,translated,PROD: Glamour,map,PROD: Glamour
Fishnet,3,translated,WARD: Stockings,map,WARD: Stockings
Foot Fetish,3,translated,KINK: Foot fetish,map,KINK: Foot fetish
HD Available,3,hidden,,ignore,
Hair Pulling,3,translated,KINK: Spanking/impact,map,KINK: Spanking/impact
Huge Dick - Large Dick,3,translated,BODY: Big dick,map,BODY: Big dick
Humiliation,3,translated,KINK: Humiliation,map,KINK: Humiliation
Innie Pussy,3,hidden,,ignore,
Massage,3,translated,THEME: Massage,map,THEME: Massage
Missionary - POV,3,hidden,,ignore,
Outie Pussy,3,hidden,,ignore,
PAWG,3,translated,BODY: Big ass,map,BODY: Big ass
Pale Skin,3,hidden,,ignore,
Panties,3,translated,WARD: Casual,map,WARD: Casual
Professional Production,3,hidden,,ignore,
Pubic Hair,3,translated,BODY: Hairy,map,BODY: Hairy
Shaved,3,translated,BODY: Shaved,map,BODY: Shaved
Short Hair,3,hidden,,ignore,
Slender,3,not in snapshot,,map,BODY: Slim
Slut,3,not in snapshot,,no explicit rule,
Small Ass,3,translated,BODY: Small ass,map,BODY: Small ass
Sneakers,3,translated,WARD: Casual,map,WARD: Casual
Socks,3,translated,WARD: Casual,map,WARD: Casual
Standing Sex,3,hidden,,ignore,
Thong,3,translated,WARD: Thong,map,WARD: Thong
Toys,3,translated,ACT: Sex toys,map,ACT: Sex toys
Twosome (Lesbian),3,hidden,,ignore,
Vibrator,3,translated,ACT: Sex toys,map,ACT: Sex toys
Wavy Hair,3,hidden,,ignore,
3rd Person Narrative,2,translated,PROD: Narrative,map,PROD: Narrative
8K Available,2,hidden,,ignore,
AGE: 23-29 (NB),2,not in snapshot,,no explicit rule,
American Porn,2,hidden,,ignore,
Anal Play,2,not in snapshot,,no explicit rule,
Asian,2,hidden,,ignore,
Ass Smacking,2,translated,KINK: Spanking/impact,map,KINK: Spanking/impact
Ass to Mouth,2,translated,ACT: Ass-to-mouth,map,ACT: Ass-to-mouth
Athletic Woman,2,translated,BODY: Athletic,map,BODY: Athletic
BODY: Height 180+cm (NB),2,not in snapshot,,no explicit rule,
Ball Licking,2,translated,ACT: Blowjob,map,ACT: Blowjob
Beard,2,translated,BODY: Hairy,map,BODY: Hairy
Bedroom,2,translated,SET: Bedroom,map,SET: Bedroom
Big Asses,2,not in snapshot,,map,BODY: Big ass
Big Black Cock (BBC),2,hidden,,ignore,
Black Hair (Female),2,hidden,,ignore,
Black Man,2,hidden,,ignore,
Blue Eyes,2,hidden,,ignore,
Bondage,2,translated,KINK: Bondage,map,KINK: Bondage
Bra,2,translated,WARD: Lingerie,map,WARD: Lingerie
Breast Sucking,2,translated,ACT: Titjob,map,ACT: Breast play
CAST: 2M,2,not in snapshot,,no explicit rule,
Casual Wear,2,translated,WARD: Casual,map,WARD: Casual
Caucasian,2,hidden,,ignore,
Clothed Sex,2,hidden,,ignore,
College,2,hidden,,ignore,
Condom,2,hidden,,ignore,
Cowgirl - POV,2,hidden,,ignore,
Cuckolding,2,translated,THEME: Cuckolding,map,THEME: Cuckolding
Cum on Ass,2,translated,ACT: Cumshot - body,map,ACT: Cumshot - body
Cum on Body,2,translated,ACT: Cumshot - body,map,ACT: Cumshot - body
Cum on Stomach,2,translated,ACT: Cumshot - body,map,ACT: Cumshot - body
Cumshot Clean-up,2,translated,ACT: Cumshot - mouth,map,ACT: Cumshot - mouth
DEMO: Caucasian Non-Binary,2,not in snapshot,,no explicit rule,
Doggy Style - POV,2,hidden,,ignore,
Double Penetration (DP),2,translated,ACT: DP,map,ACT: DP
Dress,2,translated,WARD: Dress,map,WARD: Dress
Freeuse,2,translated,THEME: Freeuse,map,THEME: Freeuse
Gangbang,2,translated,THEME: Gangbang,map,THEME: Gangbang
Green Eyes,2,hidden,,ignore,
Hairless Labia,2,translated,BODY: Shaved,map,BODY: Shaved
Hairy,2,translated,BODY: Hairy,map,BODY: Hairy
Home,2,hidden,,ignore,
Interactive,2,translated,PROD: POV,map,PROD: Interactive
Kitchen,2,translated,SET: Kitchen,map,SET: Kitchen
Latin Woman,2,hidden,,ignore,
Licking,2,hidden,,ignore,
Lube,2,hidden,,ignore,
Multiple Orgasms,2,translated,KINK: Chastity/orgasm control,ignore,
No Bra,2,hidden,,ignore,
Nymphomaniac,2,not in snapshot,,no explicit rule,
Passion,2,translated,THEME: Romance,map,THEME: Romance
Piledriver,2,translated,ACT: Vaginal sex,map,ACT: Vaginal sex
Red Hair,2,hidden,,ignore,
Red Hair (Female),2,hidden,,ignore,
Reverse Cowgirl - POV,2,hidden,,ignore,
Riding,2,hidden,,ignore,
Rubbing,2,translated,ACT: Grinding,map,ACT: Grinding
Series,2,hidden,,ignore,
Sex - Rough,2,translated,KINK: Rough sex,map,KINK: Rough sex
Shorts,2,translated,WARD: Casual,map,WARD: Casual
Skinny,2,translated,BODY: Slim,map,BODY: Slim
Skirt,2,translated,WARD: Dress,map,WARD: Dress
Sloppy Blowjob,2,translated,ACT: Blowjob,map,ACT: Blowjob
Standing Blowjob,2,translated,ACT: Blowjob,map,ACT: Blowjob
Step Brother,2,translated,THEME: Step-family,map,THEME: Step-family
Step Sister,2,translated,THEME: Step-family,map,THEME: Step-family
Stepfamily,2,not in snapshot,,map,THEME: Step-family
Straight Hair,2,hidden,,ignore,
Submission,2,translated,KINK: Dom/Sub,map,KINK: Dom/Sub
Submissive,2,translated,KINK: Dom/Sub,map,KINK: Dom/Sub
Sweating,2,not in snapshot,,no explicit rule,
Tease,2,hidden,,ignore,
Threesome (BGG),2,hidden,,ignore,
Tiny Tits,2,translated,BODY: Small breasts,map,BODY: Small breasts
Titty Fuck,2,translated,ACT: Titjob,map,ACT: Titjob
Toe Sucking,2,translated,KINK: Foot fetish,map,KINK: Foot fetish
Uniform,2,translated,WARD: Uniform,map,WARD: Uniform
Woman's Heels,2,translated,WARD: Heels,map,WARD: Heels
Young Woman (22–30),2,hidden,,ignore,
split,2,kept,split,ignore,
!wife-likes,1,not in snapshot,,no explicit rule,
20+,1,hidden,,ignore,
Age 20-29,1,hidden,,ignore,
All Natural,1,translated,BODY: Natural breasts,map,BODY: Natural breasts
Anal Toys,1,translated,ACT: Sex toys,map,ACT: Sex toys
Asian Woman,1,hidden,,ignore,
Ass Jiggle,1,translated,BODY: Big ass,ignore,
Ass Lover,1,not in snapshot,,no explicit rule,
Ass Worship,1,translated,ACT: Rimming,defer,
Athletic Man,1,translated,BODY: Athletic,map,BODY: Athletic
BODY: Height 160-169cm (TF),1,not in snapshot,,no explicit rule,
BODY: Height 180+cm (U),1,not in snapshot,,no explicit rule,
Ballerina,1,hidden,,ignore,
Ballerina Position,1,hidden,,ignore,
Barefoot,1,translated,WARD: Barefoot,map,WARD: Barefoot
Bath,1,not in snapshot,,no explicit rule,
Bathroom,1,translated,SET: Bathroom,map,SET: Bathroom
Bathtub,1,translated,SET: Bathroom,map,SET: Bathroom
Beautiful Girl,1,not in snapshot,,no explicit rule,
Black,1,hidden,,ignore,
Bored,1,hidden,,no explicit rule,
Boyshorts,1,translated,WARD: Casual,map,WARD: Casual
Braces,1,hidden,,ignore,
Breast Squeezing From Behind,1,translated,ACT: Titjob,map,ACT: Breast play
Bubble Butt,1,translated,BODY: Big ass,map,BODY: Big ass
Button-Up Shirt,1,translated,WARD: Business,map,WARD: Business
CAST: 1M1NB,1,not in snapshot,,no explicit rule,
CAST: 1M1TF,1,not in snapshot,,no explicit rule,
CAST: 2M1NB,1,not in snapshot,,no explicit rule,
CFNM,1,hidden,,ignore,
Camera,1,not in snapshot,,no explicit rule,
Christmas,1,translated,THEME: Holiday/seasonal,map,THEME: Holiday/seasonal
Circumcised,1,translated,BODY: Circumcised,map,BODY: Circumcised
Club Hostess & Sex Worker,1,not in snapshot,,no explicit rule,
College Girl,1,not in snapshot,,ignore,
Colored Hair,1,hidden,,ignore,
Colored Hair (Female),1,hidden,,ignore,
Compilation,1,translated,PROD: Compilation,map,PROD: Compilation
Corset,1,translated,WARD: Lingerie,map,WARD: Lingerie
Countertop,1,translated,SET: Kitchen,map,SET: Kitchen
Couple Masturbation,1,translated,ACT: Masturbation,map,ACT: Masturbation
Cuddle,1,translated,THEME: Romance,no explicit rule,
Cum In Mouth Talking,1,not in snapshot,,no explicit rule,
Cum Play,1,translated,ACT: Cumshot - mouth,map,ACT: Cumshot - mouth
Cum Swapping,1,translated,ACT: Kissing,map,ACT: Kissing
Cum on Feet,1,translated,KINK: Foot fetish,map,KINK: Foot fetish
DEMO: Caucasian,1,not in snapshot,,no explicit rule,
Debut,1,not in snapshot,,no explicit rule,
Dildo,1,translated,ACT: Sex toys,map,ACT: Sex toys
Dining Room,1,translated,SET: Kitchen,map,SET: Kitchen
Doctor,1,translated,THEME: Roleplay,map,THEME: Roleplay
Double Blowjob,1,translated,ACT: Blowjob,map,ACT: Blowjob
Double Blowjob (2 Mouths),1,translated,ACT: Blowjob,map,ACT: Blowjob
Double Creampie,1,translated,ACT: Cumshot - internal,map,ACT: Cumshot - internal
Drool,1,translated,ACT: Kissing,map,ACT: Kissing
Earrings,1,translated,WARD: Jewelry,map,WARD: Jewelry
Emmanuel,1,not in snapshot,,no explicit rule,
Experienced Woman (30–40),1,hidden,,ignore,
Face Fuck - POV,1,translated,ACT: Blowjob; PROD: POV,map,ACT: Blowjob; PROD: POV
Female Teacher,1,translated,THEME: Roleplay,map,THEME: Roleplay
Fetish,1,hidden,,ignore,
First Porn Scene,1,translated,THEME: First time,map,THEME: First time
Fish-hooking,1,translated,KINK: Humiliation,map,KINK: Humiliation
Flashing,1,translated,THEME: Exhibitionism,map,THEME: Exhibitionism
Fondling,1,hidden,,ignore,
Footjob,1,translated,KINK: Foot fetish,map,KINK: Foot fetish
Foursome,1,translated,THEME: Gangbang,ignore,
Foursome (BBGG),1,hidden,,ignore,
Foursome (Lesbian),1,hidden,,ignore,
French,1,hidden,,ignore,
Gamer,1,translated,THEME: Roleplay,no explicit rule,
Gaping,1,translated,ACT: Anal sex,map,ACT: Anal sex
Garter Belt,1,translated,WARD: Stockings,map,WARD: Stockings
German,1,hidden,,ignore,
Girls Finishing the Job,1,translated,ACT: Handjob,map,ACT: Handjob
Hairless Genitals,1,translated,BODY: Shaved,map,BODY: Shaved
Handjob - POV,1,translated,ACT: Handjob,map,ACT: Handjob
Handjob to Completion,1,translated,ACT: Handjob,map,ACT: Handjob
Hands-free Blowjob,1,translated,ACT: Blowjob,map,ACT: Blowjob
Has Kids,1,hidden,,ignore,
Hazel Eyes,1,hidden,,ignore,
Headband,1,translated,WARD: Casual,ignore,
Hospital,1,translated,SET: Hospital,map,SET: Hospital
Hot Tub,1,translated,SET: Pool/water,map,SET: Pool/water
Hotel,1,translated,SET: Hotel,map,SET: Hotel
Huge Cock Anal,1,not in snapshot,,no explicit rule,
In Laws,1,translated,THEME: Step-family,no explicit rule,
Instructor,1,not in snapshot,,no explicit rule,
Inverted Blowjob,1,translated,ACT: Blowjob,map,ACT: Blowjob
Jeans,1,translated,WARD: Casual,map,WARD: Casual
Kiss Kiss,1,not in snapshot,,no explicit rule,
Latin,1,hidden,,ignore,
Leggings,1,translated,WARD: Casual,map,WARD: Casual
Legs Up Missionary,1,hidden,,ignore,
Lesbian Action,1,hidden,,ignore,
Lotion,1,hidden,,ignore,
Maid,1,translated,WARD: Uniform,map,WARD: Uniform
Massage Parlor,1,translated,THEME: Massage,map,THEME: Massage
Mature (30+),1,hidden,,ignore,
Medical Play,1,translated,KINK: Medical,map,KINK: Medical
Medium Hair,1,hidden,,ignore,
Medium Skin,1,hidden,,ignore,
Middle-aged Man (40–60),1,hidden,,ignore,
Missing Cover Image,1,hidden,,ignore,
Monster Cock,1,translated,BODY: Big dick,map,BODY: Big dick
Muscular,1,translated,BODY: Muscular,map,BODY: Muscular
Natural Ass,1,translated,BODY: Natural breasts,ignore,
Navel Piercing,1,translated,BODY: Pierced,map,BODY: Pierced
Nipple Piercing,1,translated,BODY: Pierced,map,BODY: Pierced
Nipple Play,1,translated,KINK: Nipple torment,map,KINK: Nipple torment
No Piercing,1,translated,BODY: Pierced,ignore,
No Underwear,1,translated,WARD: Casual,map,WARD: Casual
Nose Piercing,1,translated,BODY: Pierced,map,BODY: Pierced
Nude,1,translated,WARD: Casual,map,WARD: Casual
Object Insertion,1,translated,KINK: Large insertion,map,KINK: Large insertion
Office,1,translated,SET: Office,map,SET: Office
Oil,1,translated,BODY: Oiled,map,BODY: Oiled
Older / Younger,1,translated,THEME: Older/younger,map,THEME: Older/younger
Older Sister,1,not in snapshot,,no explicit rule,
One-piece,1,translated,WARD: Bikini,map,WARD: Swimwear
Other Person's Wife,1,translated,THEME: Wife sharing,ignore,
Patient,1,translated,KINK: Medical,no explicit rule,
Pencil Skirt,1,translated,WARD: Dress,no explicit rule,
Perky Tits,1,hidden,,ignore,
Pigtails,1,hidden,,ignore,
Pink Clothing,1,hidden,,ignore,
Plaid Skirt,1,translated,WARD: Dress,map,WARD: Dress
Public Agent,1,not in snapshot,,no explicit rule,
Pussy,1,hidden,,ignore,
Pussy Gape,1,hidden,,ignore,
Pussy Rubbing,1,translated,ACT: Grinding,ignore,
Pussy to Mouth,1,translated,ACT: Ass-to-mouth,map,ACT: Ass-to-mouth
Quickie,1,not in snapshot,,no explicit rule,
Relatives,1,translated,THEME: Step-family,no explicit rule,
Rimming (Lesbian),1,translated,ACT: Rimming,map,ACT: Rimming
Rimming Him,1,translated,ACT: Rimming,map,ACT: Rimming
SET: Elevator,1,not in snapshot,,no explicit rule,
School Swimsuits,1,not in snapshot,,map,WARD: Swimwear
Schoolgirl,1,translated,WARD: Uniform,map,WARD: Uniform
Scissoring,1,translated,ACT: Grinding,map,ACT: Grinding
Screaming Orgasm,1,translated,KINK: Chastity/orgasm control,ignore,
Secretary,1,not in snapshot,,map,THEME: Roleplay
Seductress,1,hidden,,ignore,
Sex Toys,1,not in snapshot,,map,ACT: Sex toys
Sexual Favor,1,translated,THEME: Reluctance,no explicit rule,
Shaved Pussy,1,not in snapshot,,map,BODY: Shaved
Shoes,1,hidden,,ignore,
Short Skirt,1,translated,WARD: Dress,map,WARD: Dress
Slapping,1,translated,KINK: Spanking/impact,map,KINK: Spanking/impact
Slave,1,translated,KINK: Dom/Sub,map,KINK: Dom/Sub
Softcore,1,translated,PROD: Softcore,map,PROD: Softcore
Spanish,1,hidden,,ignore,
Spit Roast,1,translated,ACT: DP,map,ACT: DP
Spitting,1,translated,KINK: Humiliation,map,KINK: Humiliation
Standing Missionary,1,hidden,,ignore,
Step Dad,1,translated,THEME: Step-family,map,THEME: Step-family
Step Daughter,1,translated,THEME: Step-family,map,THEME: Step-family
Step Mother,1,translated,THEME: Step-family,map,THEME: Step-family
Substance Use,1,not in snapshot,,no explicit rule,
T-shirt,1,translated,WARD: Casual,map,WARD: Casual
Table,1,hidden,,ignore,
Tanned Skin,1,translated,BODY: Tan lines,ignore,
Tattoos & Piercings,1,translated,BODY: Tattooed; BODY: Pierced,map,BODY: Tattooed; BODY: Pierced
Teen (18-22),1,hidden,,ignore,
Teen Girl (18–22),1,hidden,,ignore,
Threesome (BBG),1,hidden,,ignore,
Tiny Woman,1,translated,BODY: Petite,map,BODY: Petite
Titjob - POV,1,translated,ACT: Titjob,map,ACT: Titjob
Train (Oral Sex),1,translated,ACT: Blowjob,map,ACT: Blowjob
Tribbing,1,translated,ACT: Grinding,map,ACT: Grinding
Twosome,1,hidden,,ignore,
Uncircumcised,1,translated,BODY: Uncircumcised,map,BODY: Uncircumcised
Vanilla,1,hidden,,no explicit rule,
Various Worker,1,not in snapshot,,no explicit rule,
Vertical Video,1,not in snapshot,,ignore,
Wet Look,1,translated,BODY: Oiled,map,BODY: Oiled
40+,0,hidden,,ignore,
AGE: 18-22,0,translated,AGE: 18-22 (F),ignore,
AGE: 18-22 (I),0,not in snapshot,,no explicit rule,
AGE: 18-22 (NB),0,not in snapshot,,no explicit rule,
AGE: 18-22 (TF),0,not in snapshot,,no explicit rule,
AGE: 18-22 (TM),0,not in snapshot,,no explicit rule,
AGE: 18-22 (U),0,not in snapshot,,no explicit rule,
AGE: 23-29 (I),0,not in snapshot,,no explicit rule,
AGE: 23-29 (TF),0,not in snapshot,,no explicit rule,
AGE: 23-29 (TM),0,not in snapshot,,no explicit rule,
AGE: 23-29 (U),0,not in snapshot,,no explicit rule,
AGE: 30-39,0,not in snapshot,,no explicit rule,
AGE: 30-39 (I),0,not in snapshot,,no explicit rule,
AGE: 30-39 (NB),0,not in snapshot,,no explicit rule,
AGE: 30-39 (TF),0,not in snapshot,,no explicit rule,
AGE: 30-39 (TM),0,not in snapshot,,no explicit rule,
AGE: 30-39 (U),0,not in snapshot,,no explicit rule,
AGE: 40-49,0,not in snapshot,,no explicit rule,
AGE: 40-49 (I),0,not in snapshot,,no explicit rule,
AGE: 40-49 (NB),0,not in snapshot,,no explicit rule,
AGE: 40-49 (TF),0,not in snapshot,,no explicit rule,
AGE: 40-49 (TM),0,not in snapshot,,no explicit rule,
AGE: 40-49 (U),0,not in snapshot,,no explicit rule,
AGE: 50-59,0,not in snapshot,,no explicit rule,
AGE: 50-59 (I),0,not in snapshot,,no explicit rule,
AGE: 50-59 (NB),0,not in snapshot,,no explicit rule,
AGE: 50-59 (TF),0,not in snapshot,,no explicit rule,
AGE: 50-59 (TM),0,not in snapshot,,no explicit rule,
AGE: 50-59 (U),0,not in snapshot,,no explicit rule,
AGE: 60+ (I),0,not in snapshot,,no explicit rule,
AGE: 60+ (NB),0,not in snapshot,,no explicit rule,
AGE: 60+ (TF),0,not in snapshot,,no explicit rule,
AGE: 60+ (TM),0,not in snapshot,,no explicit rule,
AGE: 60+ (U),0,not in snapshot,,no explicit rule,
Anal Gape,0,translated,ACT: Anal sex,map,ACT: Anal sex
Anal Orgasm,0,translated,ACT: Anal sex,map,ACT: Anal sex
Ass Play,0,translated,ACT: Rimming,defer,
Ass to Pussy,0,translated,ACT: Ass-to-mouth,map,ACT: Ass-to-mouth
Athletic,0,translated,BODY: Athletic,map,BODY: Athletic
BODY: Height 150-159cm,0,not in snapshot,,no explicit rule,
BODY: Height 150-159cm (I),0,not in snapshot,,no explicit rule,
BODY: Height 150-159cm (M),0,not in snapshot,,no explicit rule,
BODY: Height 150-159cm (NB),0,not in snapshot,,no explicit rule,
BODY: Height 150-159cm (TF),0,not in snapshot,,no explicit rule,
BODY: Height 150-159cm (TM),0,not in snapshot,,no explicit rule,
BODY: Height 150-159cm (U),0,not in snapshot,,no explicit rule,
BODY: Height 160-169cm,0,not in snapshot,,no explicit rule,
BODY: Height 160-169cm (I),0,not in snapshot,,no explicit rule,
BODY: Height 160-169cm (NB),0,not in snapshot,,no explicit rule,
BODY: Height 160-169cm (TM),0,not in snapshot,,no explicit rule,
BODY: Height 160-169cm (U),0,not in snapshot,,no explicit rule,
BODY: Height 170-179cm,0,not in snapshot,,no explicit rule,
BODY: Height 170-179cm (I),0,not in snapshot,,no explicit rule,
BODY: Height 170-179cm (NB),0,not in snapshot,,no explicit rule,
BODY: Height 170-179cm (TF),0,not in snapshot,,no explicit rule,
BODY: Height 170-179cm (TM),0,not in snapshot,,no explicit rule,
BODY: Height 170-179cm (U),0,not in snapshot,,no explicit rule,
BODY: Height 180+cm,0,not in snapshot,,no explicit rule,
BODY: Height 180+cm (I),0,not in snapshot,,no explicit rule,
BODY: Height 180+cm (TF),0,not in snapshot,,no explicit rule,
BODY: Height 180+cm (TM),0,not in snapshot,,no explicit rule,
BODY: Height <150cm,0,not in snapshot,,no explicit rule,
BODY: Height <150cm (I),0,not in snapshot,,no explicit rule,
BODY: Height <150cm (M),0,not in snapshot,,no explicit rule,
BODY: Height <150cm (NB),0,not in snapshot,,no explicit rule,
BODY: Height <150cm (TF),0,not in snapshot,,no explicit rule,
BODY: Height <150cm (TM),0,not in snapshot,,no explicit rule,
BODY: Height <150cm (U),0,not in snapshot,,no explicit rule,
BODY: Weight 50-59kg,0,not in snapshot,,no explicit rule,
BODY: Weight 50-59kg (I),0,not in snapshot,,no explicit rule,
BODY: Weight 50-59kg (M),0,not in snapshot,,no explicit rule,
BODY: Weight 50-59kg (NB),0,not in snapshot,,no explicit rule,
BODY: Weight 50-59kg (TF),0,not in snapshot,,no explicit rule,
BODY: Weight 50-59kg (TM),0,not in snapshot,,no explicit rule,
BODY: Weight 50-59kg (U),0,not in snapshot,,no explicit rule,
BODY: Weight 60-69kg,0,not in snapshot,,no explicit rule,
BODY: Weight 60-69kg (I),0,not in snapshot,,no explicit rule,
BODY: Weight 60-69kg (M),0,not in snapshot,,no explicit rule,
BODY: Weight 60-69kg (NB),0,not in snapshot,,no explicit rule,
BODY: Weight 60-69kg (TF),0,not in snapshot,,no explicit rule,
BODY: Weight 60-69kg (TM),0,not in snapshot,,no explicit rule,
BODY: Weight 60-69kg (U),0,not in snapshot,,no explicit rule,
BODY: Weight 70-79kg,0,not in snapshot,,no explicit rule,
BODY: Weight 70-79kg (I),0,not in snapshot,,no explicit rule,
BODY: Weight 70-79kg (M),0,not in snapshot,,no explicit rule,
BODY: Weight 70-79kg (NB),0,not in snapshot,,no explicit rule,
BODY: Weight 70-79kg (TF),0,not in snapshot,,no explicit rule,
BODY: Weight 70-79kg (TM),0,not in snapshot,,no explicit rule,
BODY: Weight 70-79kg (U),0,not in snapshot,,no explicit rule,
BODY: Weight 80-89kg,0,not in snapshot,,no explicit rule,
BODY: Weight 80-89kg (F),0,not in snapshot,,no explicit rule,
BODY: Weight 80-89kg (I),0,not in snapshot,,no explicit rule,
BODY: Weight 80-89kg (M),0,not in snapshot,,no explicit rule,
BODY: Weight 80-89kg (NB),0,not in snapshot,,no explicit rule,
BODY: Weight 80-89kg (TF),0,not in snapshot,,no explicit rule,
BODY: Weight 80-89kg (TM),0,not in snapshot,,no explicit rule,
BODY: Weight 80-89kg (U),0,not in snapshot,,no explicit rule,
BODY: Weight 90+kg,0,not in snapshot,,no explicit rule,
BODY: Weight 90+kg (F),0,not in snapshot,,no explicit rule,
BODY: Weight 90+kg (I),0,not in snapshot,,no explicit rule,
BODY: Weight 90+kg (M),0,not in snapshot,,no explicit rule,
BODY: Weight 90+kg (NB),0,not in snapshot,,no explicit rule,
BODY: Weight 90+kg (TF),0,not in snapshot,,no explicit rule,
BODY: Weight 90+kg (TM),0,not in snapshot,,no explicit rule,
BODY: Weight 90+kg (U),0,not in snapshot,,no explicit rule,
BODY: Weight <50kg,0,not in snapshot,,no explicit rule,
BODY: Weight <50kg (I),0,not in snapshot,,no explicit rule,
BODY: Weight <50kg (M),0,not in snapshot,,no explicit rule,
BODY: Weight <50kg (NB),0,not in snapshot,,no explicit rule,
BODY: Weight <50kg (TF),0,not in snapshot,,no explicit rule,
BODY: Weight <50kg (TM),0,not in snapshot,,no explicit rule,
BODY: Weight <50kg (U),0,not in snapshot,,no explicit rule,
Bad Girl,0,translated,KINK: Humiliation,map,KINK: Humiliation
Butt Plug,0,translated,ACT: Sex toys,map,ACT: Sex toys
CAST: 1F1I,0,not in snapshot,,no explicit rule,
CAST: 1F1I1U,0,not in snapshot,,no explicit rule,
CAST: 1F1NB,0,not in snapshot,,no explicit rule,
CAST: 1F1NB1I,0,not in snapshot,,no explicit rule,
CAST: 1F1NB1U,0,not in snapshot,,no explicit rule,
CAST: 1F1TF,0,not in snapshot,,no explicit rule,
CAST: 1F1TF1I,0,not in snapshot,,no explicit rule,
CAST: 1F1TF1NB,0,not in snapshot,,no explicit rule,
CAST: 1F1TF1U,0,not in snapshot,,no explicit rule,
CAST: 1F1TM,0,not in snapshot,,no explicit rule,
CAST: 1F1TM1I,0,not in snapshot,,no explicit rule,
CAST: 1F1TM1NB,0,not in snapshot,,no explicit rule,
CAST: 1F1TM1TF,0,not in snapshot,,no explicit rule,
CAST: 1F1TM1U,0,not in snapshot,,no explicit rule,
CAST: 1F2I,0,not in snapshot,,no explicit rule,
CAST: 1F2NB,0,not in snapshot,,no explicit rule,
CAST: 1F2TF,0,not in snapshot,,no explicit rule,
CAST: 1F2TM,0,not in snapshot,,no explicit rule,
CAST: 1I,0,not in snapshot,,no explicit rule,
CAST: 1I1U,0,not in snapshot,,no explicit rule,
CAST: 1I2U,0,not in snapshot,,no explicit rule,
CAST: 1M1F1I,0,not in snapshot,,no explicit rule,
CAST: 1M1F1NB,0,not in snapshot,,no explicit rule,
CAST: 1M1F1TF,0,not in snapshot,,no explicit rule,
CAST: 1M1F1TM,0,not in snapshot,,no explicit rule,
CAST: 1M1I,0,not in snapshot,,no explicit rule,
CAST: 1M1I1U,0,not in snapshot,,no explicit rule,
CAST: 1M1NB1I,0,not in snapshot,,no explicit rule,
CAST: 1M1NB1U,0,not in snapshot,,no explicit rule,
CAST: 1M1TF1I,0,not in snapshot,,no explicit rule,
CAST: 1M1TF1NB,0,not in snapshot,,no explicit rule,
CAST: 1M1TF1U,0,not in snapshot,,no explicit rule,
CAST: 1M1TM,0,not in snapshot,,no explicit rule,
CAST: 1M1TM1I,0,not in snapshot,,no explicit rule,
CAST: 1M1TM1NB,0,not in snapshot,,no explicit rule,
CAST: 1M1TM1TF,0,not in snapshot,,no explicit rule,
CAST: 1M1TM1U,0,not in snapshot,,no explicit rule,
CAST: 1M2I,0,not in snapshot,,no explicit rule,
CAST: 1M2NB,0,not in snapshot,,no explicit rule,
CAST: 1M2TF,0,not in snapshot,,no explicit rule,
CAST: 1M2TM,0,not in snapshot,,no explicit rule,
CAST: 1M2U,0,not in snapshot,,no explicit rule,
CAST: 1NB,0,not in snapshot,,no explicit rule,
CAST: 1NB1I,0,not in snapshot,,no explicit rule,
CAST: 1NB1I1U,0,not in snapshot,,no explicit rule,
CAST: 1NB1U,0,not in snapshot,,no explicit rule,
CAST: 1NB2I,0,not in snapshot,,no explicit rule,
CAST: 1NB2U,0,not in snapshot,,no explicit rule,
CAST: 1TF,0,not in snapshot,,no explicit rule,
CAST: 1TF1I,0,not in snapshot,,no explicit rule,
CAST: 1TF1I1U,0,not in snapshot,,no explicit rule,
CAST: 1TF1NB,0,not in snapshot,,no explicit rule,
CAST: 1TF1NB1I,0,not in snapshot,,no explicit rule,
CAST: 1TF1NB1U,0,not in snapshot,,no explicit rule,
CAST: 1TF1U,0,not in snapshot,,no explicit rule,
CAST: 1TF2I,0,not in snapshot,,no explicit rule,
CAST: 1TF2NB,0,not in snapshot,,no explicit rule,
CAST: 1TF2U,0,not in snapshot,,no explicit rule,
CAST: 1TM,0,not in snapshot,,no explicit rule,
CAST: 1TM1I,0,not in snapshot,,no explicit rule,
CAST: 1TM1I1U,0,not in snapshot,,no explicit rule,
CAST: 1TM1NB,0,not in snapshot,,no explicit rule,
CAST: 1TM1NB1I,0,not in snapshot,,no explicit rule,
CAST: 1TM1NB1U,0,not in snapshot,,no explicit rule,
CAST: 1TM1TF,0,not in snapshot,,no explicit rule,
CAST: 1TM1TF1I,0,not in snapshot,,no explicit rule,
CAST: 1TM1TF1NB,0,not in snapshot,,no explicit rule,
CAST: 1TM1TF1U,0,not in snapshot,,no explicit rule,
CAST: 1TM1U,0,not in snapshot,,no explicit rule,
CAST: 1TM2I,0,not in snapshot,,no explicit rule,
CAST: 1TM2NB,0,not in snapshot,,no explicit rule,
CAST: 1TM2TF,0,not in snapshot,,no explicit rule,
CAST: 1TM2U,0,not in snapshot,,no explicit rule,
CAST: 2F1I,0,not in snapshot,,no explicit rule,
CAST: 2F1NB,0,not in snapshot,,no explicit rule,
CAST: 2F1TF,0,not in snapshot,,no explicit rule,
CAST: 2F1TM,0,not in snapshot,,no explicit rule,
CAST: 2I,0,not in snapshot,,no explicit rule,
CAST: 2I1U,0,not in snapshot,,no explicit rule,
CAST: 2M1I,0,not in snapshot,,no explicit rule,
CAST: 2M1TF,0,not in snapshot,,no explicit rule,
CAST: 2M1TM,0,not in snapshot,,no explicit rule,
CAST: 2NB,0,not in snapshot,,no explicit rule,
CAST: 2NB1I,0,not in snapshot,,no explicit rule,
CAST: 2NB1U,0,not in snapshot,,no explicit rule,
CAST: 2TF,0,not in snapshot,,no explicit rule,
CAST: 2TF1I,0,not in snapshot,,no explicit rule,
CAST: 2TF1NB,0,not in snapshot,,no explicit rule,
CAST: 2TF1U,0,not in snapshot,,no explicit rule,
CAST: 2TM,0,not in snapshot,,no explicit rule,
CAST: 2TM1I,0,not in snapshot,,no explicit rule,
CAST: 2TM1NB,0,not in snapshot,,no explicit rule,
CAST: 2TM1TF,0,not in snapshot,,no explicit rule,
CAST: 2TM1U,0,not in snapshot,,no explicit rule,
CURATOR: Processing Failed,0,not in snapshot,,no explicit rule,
Censored,0,hidden,,ignore,
Chains,0,translated,KINK: Bondage,map,KINK: Bondage
Corporal Punishment,0,translated,KINK: Spanking/impact,map,KINK: Spanking/impact
Cowgirl (DP),0,translated,ACT: DP,map,ACT: DP
DEMO: Asian,0,not in snapshot,,no explicit rule,
DEMO: Asian Intersex,0,not in snapshot,,no explicit rule,
DEMO: Asian Non-Binary,0,not in snapshot,,no explicit rule,
DEMO: Asian Transgender Female,0,not in snapshot,,no explicit rule,
DEMO: Asian Transgender Male,0,not in snapshot,,no explicit rule,
DEMO: Black,0,not in snapshot,,no explicit rule,
DEMO: Black Intersex,0,not in snapshot,,no explicit rule,
DEMO: Black Non-Binary,0,not in snapshot,,no explicit rule,
DEMO: Black Transgender Female,0,not in snapshot,,no explicit rule,
DEMO: Black Transgender Male,0,not in snapshot,,no explicit rule,
DEMO: Caucasian Intersex,0,not in snapshot,,no explicit rule,
DEMO: Caucasian Transgender Female,0,not in snapshot,,no explicit rule,
DEMO: Caucasian Transgender Male,0,not in snapshot,,no explicit rule,
DEMO: Indian,0,not in snapshot,,no explicit rule,
DEMO: Indian Intersex,0,not in snapshot,,no explicit rule,
DEMO: Indian Male,0,not in snapshot,,no explicit rule,
DEMO: Indian Non-Binary,0,not in snapshot,,no explicit rule,
DEMO: Indian Transgender Female,0,not in snapshot,,no explicit rule,
DEMO: Indian Transgender Male,0,not in snapshot,,no explicit rule,
DEMO: Latin,0,not in snapshot,,no explicit rule,
DEMO: Latin Intersex,0,not in snapshot,,no explicit rule,
DEMO: Latin Non-Binary,0,not in snapshot,,no explicit rule,
DEMO: Latin Transgender Female,0,not in snapshot,,no explicit rule,
DEMO: Latin Transgender Male,0,not in snapshot,,no explicit rule,
DEMO: Middle Eastern,0,not in snapshot,,no explicit rule,
DEMO: Middle Eastern Intersex,0,not in snapshot,,no explicit rule,
DEMO: Middle Eastern Non-Binary,0,not in snapshot,,no explicit rule,
DEMO: Middle Eastern Transgender Female,0,not in snapshot,,no explicit rule,
DEMO: Middle Eastern Transgender Male,0,not in snapshot,,no explicit rule,
DEMO: Mixed,0,not in snapshot,,no explicit rule,
DEMO: Mixed Intersex,0,not in snapshot,,no explicit rule,
DEMO: Mixed Non-Binary,0,not in snapshot,,no explicit rule,
DEMO: Mixed Transgender Female,0,not in snapshot,,no explicit rule,
DEMO: Mixed Transgender Male,0,not in snapshot,,no explicit rule,
DEMO: Native American,0,not in snapshot,,no explicit rule,
DEMO: Native American Female,0,not in snapshot,,no explicit rule,
DEMO: Native American Intersex,0,not in snapshot,,no explicit rule,
DEMO: Native American Male,0,not in snapshot,,no explicit rule,
DEMO: Native American Non-Binary,0,not in snapshot,,no explicit rule,
DEMO: Native American Transgender Female,0,not in snapshot,,no explicit rule,
DEMO: Native American Transgender Male,0,not in snapshot,,no explicit rule,
DEMO: Other,0,not in snapshot,,no explicit rule,
DEMO: Other Intersex,0,not in snapshot,,no explicit rule,
DEMO: Other Male,0,not in snapshot,,no explicit rule,
DEMO: Other Non-Binary,0,not in snapshot,,no explicit rule,
DEMO: Other Transgender Female,0,not in snapshot,,no explicit rule,
DEMO: Other Transgender Male,0,not in snapshot,,no explicit rule,
Dominant,0,translated,KINK: Dom/Sub,map,KINK: Dom/Sub
Domination,0,translated,KINK: Dom/Sub,map,KINK: Dom/Sub
Double Facial,0,translated,ACT: Cumshot - face,map,ACT: Cumshot - face
ERA: 2000s,0,hidden,,ignore,
ERA: 2010s,0,hidden,,ignore,
ERA: 2020s,0,hidden,,ignore,
ERA: Pre-2000,0,hidden,,ignore,
Eyes Rolling,0,hidden,,ignore,
First DP Scene,0,translated,THEME: First time,map,THEME: First time
First Squirting Experience,0,translated,THEME: First time,no explicit rule,
Freckles,0,translated,BODY: Freckles,map,BODY: Freckles
Glasses,0,translated,WARD: Glasses,map,WARD: Glasses
Japanese,0,hidden,,ignore,
Married,0,hidden,,ignore,
Missionary Blowjob,0,translated,ACT: Blowjob,map,ACT: Blowjob
Multiple Cumshots,0,hidden,,ignore,
Muscular Man,0,translated,BODY: Muscular,map,BODY: Muscular
Rimming Her,0,translated,ACT: Rimming,map,ACT: Rimming
Roleplay,0,translated,THEME: Roleplay,map,THEME: Roleplay
Shaved Head,0,hidden,,ignore,
Shibari,0,translated,KINK: Bondage,map,KINK: Bondage
Stash Reels,0,not in snapshot,,no explicit rule,
Sybian,0,translated,ACT: Sex toys,map,ACT: Sex toys
Tan Lines,0,translated,BODY: Tan lines,map,BODY: Tan lines
Vaginal Creampie,0,translated,ACT: Cumshot - internal,map,ACT: Cumshot - internal
Vaginal Penetration,0,translated,ACT: Vaginal sex,map,ACT: Vaginal sex
cum dripping,0,kept,cum dripping,ignore,
