source_tag,snapshot_scenes,live_status,live_outputs,new_disposition,new_outputs,reason
lotus,16,kept,lotus,ignore,,Taxonomy review 2026-09-07: Hide position variants under the user-selected compact taxonomy policy.
full nelson,30,kept,full nelson,ignore,,Taxonomy review 2026-09-07: Hide position variants under the user-selected compact taxonomy policy.
side cowgirl,170,kept,side cowgirl,ignore,,Taxonomy review 2026-09-07: Hide position variants under the user-selected compact taxonomy policy.
prone bone,572,kept,prone bone,ignore,,Taxonomy review 2026-09-07: Hide position variants under the user-selected compact taxonomy policy.
lazy reverse cowgirl,48,kept,lazy reverse cowgirl,ignore,,Taxonomy review 2026-09-07: Hide position variants under the user-selected compact taxonomy policy.
standing 69,38,kept,standing 69,ignore,,Taxonomy review 2026-09-07: Hide position variants under the user-selected compact taxonomy policy.
bulldog,32,kept,bulldog,ignore,,Taxonomy review 2026-09-07: Hide position variants under the user-selected compact taxonomy policy.
arch,38,kept,arch,ignore,,Taxonomy review 2026-09-07: Hide position variants under the user-selected compact taxonomy policy.
face down ass up,71,kept,face down ass up,ignore,,Taxonomy review 2026-09-07: Hide position variants under the user-selected compact taxonomy policy.
twerking sex,10,kept,twerking sex,ignore,,Taxonomy review 2026-09-07: Hide position variants under the user-selected compact taxonomy policy.
squatting cowgirl,68,kept,squatting cowgirl,ignore,,Taxonomy review 2026-09-07: Hide position variants under the user-selected compact taxonomy policy.
squatting reverse cowgirl,34,kept,squatting reverse cowgirl,ignore,,Taxonomy review 2026-09-07: Hide position variants under the user-selected compact taxonomy policy.
split,2,kept,split,ignore,,Taxonomy review 2026-09-07: Hide position variants under the user-selected compact taxonomy policy.
the pose,7,kept,the pose,ignore,,Taxonomy review 2026-09-07: Hide position variants under the user-selected compact taxonomy policy.
anal bulldog,27,kept,anal bulldog,ignore,,Taxonomy review 2026-09-07: Hide position variants under the user-selected compact taxonomy policy.
doggy 9,79,kept,doggy 9,ignore,,Taxonomy review 2026-09-07: Hide position variants under the user-selected compact taxonomy policy.
bridge,14,kept,bridge,ignore,,Taxonomy review 2026-09-07: Hide position variants under the user-selected compact taxonomy policy.
cowboy,15,kept,cowboy,ignore,,Taxonomy review 2026-09-07: Hide position variants under the user-selected compact taxonomy policy.
reverse piledriver,20,kept,reverse piledriver,ignore,,Taxonomy review 2026-09-07: Hide position variants under the user-selected compact taxonomy policy.
wall,21,kept,wall,ignore,,Taxonomy review 2026-09-07: Hide position variants under the user-selected compact taxonomy policy.
belt,25,kept,belt,ignore,,"Taxonomy review 2026-09-07: Hide minor appearance, expression, prop, series or vague premise details; do not infer acts, demographics or relationships."
cap,25,kept,cap,ignore,,"Taxonomy review 2026-09-07: Hide minor appearance, expression, prop, series or vague premise details; do not infer acts, demographics or relationships."
makeup,28,kept,makeup,ignore,,"Taxonomy review 2026-09-07: Hide minor appearance, expression, prop, series or vague premise details; do not infer acts, demographics or relationships."
eyes - green,26,kept,eyes - green,ignore,,"Taxonomy review 2026-09-07: Hide minor appearance, expression, prop, series or vague premise details; do not infer acts, demographics or relationships."
eyes - grey,20,kept,eyes - grey,ignore,,"Taxonomy review 2026-09-07: Hide minor appearance, expression, prop, series or vague premise details; do not infer acts, demographics or relationships."
slavic,28,kept,slavic,ignore,,"Taxonomy review 2026-09-07: Hide minor appearance, expression, prop, series or vague premise details; do not infer acts, demographics or relationships."
trimmed dick,24,kept,trimmed dick,ignore,,"Taxonomy review 2026-09-07: Hide minor appearance, expression, prop, series or vague premise details; do not infer acts, demographics or relationships."
ottoman,26,kept,ottoman,ignore,,"Taxonomy review 2026-09-07: Hide minor appearance, expression, prop, series or vague premise details; do not infer acts, demographics or relationships."
mirror,16,kept,mirror,ignore,,"Taxonomy review 2026-09-07: Hide minor appearance, expression, prop, series or vague premise details; do not infer acts, demographics or relationships."
coed,25,kept,coed,ignore,,"Taxonomy review 2026-09-07: Hide minor appearance, expression, prop, series or vague premise details; do not infer acts, demographics or relationships."
girl next door,17,kept,girl next door,ignore,,"Taxonomy review 2026-09-07: Hide minor appearance, expression, prop, series or vague premise details; do not infer acts, demographics or relationships."
pervert,23,kept,pervert,ignore,,"Taxonomy review 2026-09-07: Hide minor appearance, expression, prop, series or vague premise details; do not infer acts, demographics or relationships."
pornstar wife,15,kept,pornstar wife,ignore,,"Taxonomy review 2026-09-07: Hide minor appearance, expression, prop, series or vague premise details; do not infer acts, demographics or relationships."
my mom's fucking blackzilla,25,kept,my mom's fucking blackzilla,ignore,,"Taxonomy review 2026-09-07: Hide minor appearance, expression, prop, series or vague premise details; do not infer acts, demographics or relationships."
eye contact,288,kept,eye contact,ignore,,"Taxonomy review 2026-09-07: Hide minor appearance, expression, prop, series or vague premise details; do not infer acts, demographics or relationships."
moaning,331,kept,moaning,ignore,,"Taxonomy review 2026-09-07: Hide minor appearance, expression, prop, series or vague premise details; do not infer acts, demographics or relationships."
crying,26,kept,crying,ignore,,"Taxonomy review 2026-09-07: Hide minor appearance, expression, prop, series or vague premise details; do not infer acts, demographics or relationships."
ahegao,26,kept,ahegao,ignore,,"Taxonomy review 2026-09-07: Hide minor appearance, expression, prop, series or vague premise details; do not infer acts, demographics or relationships."
gripping pussy,26,kept,gripping pussy,ignore,,"Taxonomy review 2026-09-07: Hide minor appearance, expression, prop, series or vague premise details; do not infer acts, demographics or relationships."
spread pussy,23,kept,spread pussy,ignore,,"Taxonomy review 2026-09-07: Hide minor appearance, expression, prop, series or vague premise details; do not infer acts, demographics or relationships."
fake cum,21,kept,fake cum,ignore,,"Taxonomy review 2026-09-07: Hide minor appearance, expression, prop, series or vague premise details; do not infer acts, demographics or relationships."
cum dripping,0,kept,cum dripping,ignore,,"Taxonomy review 2026-09-07: Hide minor appearance, expression, prop, series or vague premise details; do not infer acts, demographics or relationships."
fucking after cumshot,20,kept,fucking after cumshot,ignore,,"Taxonomy review 2026-09-07: Hide minor appearance, expression, prop, series or vague premise details; do not infer acts, demographics or relationships."
multiple ejaculations,14,kept,multiple ejaculations,ignore,,"Taxonomy review 2026-09-07: Hide minor appearance, expression, prop, series or vague premise details; do not infer acts, demographics or relationships."
dancing,17,kept,dancing,ignore,,"Taxonomy review 2026-09-07: Hide minor appearance, expression, prop, series or vague premise details; do not infer acts, demographics or relationships."
slow dance,21,kept,slow dance,ignore,,"Taxonomy review 2026-09-07: Hide minor appearance, expression, prop, series or vague premise details; do not infer acts, demographics or relationships."
twerking,206,kept,twerking,ignore,,"Taxonomy review 2026-09-07: Hide minor appearance, expression, prop, series or vague premise details; do not infer acts, demographics or relationships."
corruption,16,kept,corruption,ignore,,"Taxonomy review 2026-09-07: Hide minor appearance, expression, prop, series or vague premise details; do not infer acts, demographics or relationships."
exploitation,19,kept,exploitation,ignore,,"Taxonomy review 2026-09-07: Hide minor appearance, expression, prop, series or vague premise details; do not infer acts, demographics or relationships."
behind the scenes,229,kept,behind the scenes,map,PROD: Behind the scenes,Taxonomy review 2026-09-07: Distinct production format.
interview,184,kept,interview,map,PROD: Interview,Taxonomy review 2026-09-07: Merge interview variants without inferring reality or amateur production.
pre-scene interview,24,kept,pre-scene interview,map,PROD: Interview,Taxonomy review 2026-09-07: Merge interview variants without inferring reality or amateur production.
photoshoot,27,kept,photoshoot,map,PROD: Photoshoot,Taxonomy review 2026-09-07: Consolidate the existing photoshoot/modeling detail family.
modeling,13,kept,modeling,map,PROD: Photoshoot,Taxonomy review 2026-09-07: Consolidate the existing photoshoot/modeling detail family.
dirty talk,181,kept,dirty talk,map,KINK: Dirty talk,Taxonomy review 2026-09-07: Useful speech-related filter distinct from humiliation.
food,139,kept,food,map,KINK: Food play,Taxonomy review 2026-09-07: Existing rule note explicitly identifies food play.
gokkun,100,kept,gokkun,map,ACT: Cumshot - mouth,Taxonomy review 2026-09-07: Use the existing mouth/swallowing family; consolidate with drinking cum.
sloppy seconds,4,kept,sloppy seconds,ignore,,Compact taxonomy review 2026-09-07: Omit optional detail rather than expanding the taxonomy or forcing a misleading substitute.
glory hole,31,kept,glory hole,map,THEME: Glory hole,Taxonomy review 2026-09-07: Distinct setup; does not establish a specific act.
transparent clothing,34,kept,transparent clothing,map,WARD: Sheer clothing,Taxonomy review 2026-09-07: Transparency does not establish garment type.
hand gagging,26,kept,hand gagging,map,KINK: Gags/restraints,Taxonomy review 2026-09-07: Explicit gagging by hand.
holding hair,22,kept,holding hair,ignore,,Taxonomy review 2026-09-07: Holding hair alone does not establish pulling or rough sex.
holding balls during blowjob,15,kept,holding balls during blowjob,map,ACT: Blowjob,Taxonomy review 2026-09-07: Act explicitly named; omit incidental hand placement.
biting balls,15,kept,biting balls,ignore,,Compact taxonomy review 2026-09-07: Omit optional detail rather than expanding the taxonomy or forcing a misleading substitute.
comedy,22,kept,comedy,ignore,,Compact taxonomy review 2026-09-07: Omit optional detail rather than expanding the taxonomy or forcing a misleading substitute.
enhanced lips,22,kept,enhanced lips,ignore,,Compact taxonomy review 2026-09-07: Omit optional detail rather than expanding the taxonomy or forcing a misleading substitute.
revenge,22,kept,revenge,ignore,,Compact taxonomy review 2026-09-07: Omit optional detail rather than expanding the taxonomy or forcing a misleading substitute.
big vs. small,18,kept,big vs. small,ignore,,Compact taxonomy review 2026-09-07: Omit optional detail rather than expanding the taxonomy or forcing a misleading substitute.
nerd,16,kept,nerd,map,THEME: Roleplay,Taxonomy review 2026-09-07: Character archetype; no inferred school setting.
female directed,15,kept,female directed,ignore,,Compact taxonomy review 2026-09-07: Omit optional detail rather than expanding the taxonomy or forcing a misleading substitute.
live show,9,kept,live show,ignore,,Compact taxonomy review 2026-09-07: Omit optional detail rather than expanding the taxonomy or forcing a misleading substitute.
enhanced ass,6,translated,BODY: Big ass,ignore,,Compact taxonomy review 2026-09-07: Omit optional detail rather than expanding the taxonomy or forcing a misleading substitute.
natural ass,27,translated,BODY: Natural breasts,ignore,,Compact taxonomy review 2026-09-07: Omit optional detail rather than expanding the taxonomy or forcing a misleading substitute.
breast licking,84,translated,ACT: Titjob,map,ACT: Breast play,Taxonomy review 2026-09-07: Breast contact does not establish a titjob.
breast play,202,translated,ACT: Titjob,map,ACT: Breast play,Taxonomy review 2026-09-07: Breast contact does not establish a titjob.
breast sucking,190,translated,ACT: Titjob,map,ACT: Breast play,Taxonomy review 2026-09-07: Breast contact does not establish a titjob.
tit worship,785,translated,ACT: Titjob,map,ACT: Breast play,Taxonomy review 2026-09-07: Breast contact does not establish a titjob.
breast holding,70,translated,ACT: Titjob,map,ACT: Breast play,Taxonomy review 2026-09-07: Breast contact does not establish a titjob.
breast squeezing,73,translated,ACT: Titjob,map,ACT: Breast play,Taxonomy review 2026-09-07: Breast contact does not establish a titjob.
breast squeezing from behind,10,translated,ACT: Titjob,map,ACT: Breast play,Taxonomy review 2026-09-07: Breast contact does not establish a titjob.
breast touching,28,translated,ACT: Titjob,map,ACT: Breast play,Taxonomy review 2026-09-07: Breast contact does not establish a titjob.
tit smacking,8,translated,ACT: Titjob,map,ACT: Breast play; KINK: Spanking/impact,Taxonomy review 2026-09-07: Explicit breast impact.
breast shaking,15,translated,ACT: Titjob,ignore,,Taxonomy review 2026-09-07: Movement does not establish an act or breast size.
bouncing tits,181,translated,ACT: Titjob,ignore,,Taxonomy review 2026-09-07: Movement does not establish an act or breast size.
cum between tits,11,translated,ACT: Titjob,map,ACT: Cumshot - body,Taxonomy review 2026-09-07: Location of ejaculation does not establish a titjob.
facesitting,1543,translated,ACT: Cunnilingus,map,ACT: Facesitting,Taxonomy review 2026-09-07: Position/setup does not distinguish oral act or imply domination.
facesitting on him,140,translated,ACT: Cunnilingus; KINK: Dom/Sub,map,ACT: Facesitting,Taxonomy review 2026-09-07: Position/setup does not distinguish oral act or imply domination.
pussy rubbing,450,translated,ACT: Grinding,ignore,,Compact taxonomy review 2026-09-07: Omit optional detail rather than expanding the taxonomy or forcing a misleading substitute.
clit play,28,translated,ACT: Fingering,ignore,,Compact taxonomy review 2026-09-07: Omit optional detail rather than expanding the taxonomy or forcing a misleading substitute.
clit stimulation,3,translated,ACT: Cunnilingus,ignore,,Compact taxonomy review 2026-09-07: Omit optional detail rather than expanding the taxonomy or forcing a misleading substitute.
ball play,182,translated,ACT: Handjob,ignore,,Compact taxonomy review 2026-09-07: Omit optional detail rather than expanding the taxonomy or forcing a misleading substitute.
ball squeezing,3,translated,ACT: Handjob,ignore,,Compact taxonomy review 2026-09-07: Omit optional detail rather than expanding the taxonomy or forcing a misleading substitute.
gagging,1677,translated,ACT: Blowjob,defer,,Taxonomy review 2026-09-07: Ambiguous between oral response and a restraint; requires provider context.
ass grabbing,45,translated,KINK: Spanking/impact,ignore,,Compact taxonomy review 2026-09-07: Omit optional detail rather than expanding the taxonomy or forcing a misleading substitute.
ass rubbing,8,translated,ACT: Rimming,ignore,,Compact taxonomy review 2026-09-07: Omit optional detail rather than expanding the taxonomy or forcing a misleading substitute.
ass play,253,translated,ACT: Rimming,defer,,Taxonomy review 2026-09-07: Insufficient information to infer rimming; retain for contextual review.
ass worship,552,translated,ACT: Rimming,defer,,Taxonomy review 2026-09-07: Insufficient information to infer rimming; retain for contextual review.
ass fetish,999,translated,ACT: Rimming,defer,,Taxonomy review 2026-09-07: Insufficient information to infer rimming; retain for contextual review.
spread ass,61,translated,ACT: Rimming,defer,,Taxonomy review 2026-09-07: Insufficient information to infer rimming; retain for contextual review.
ass to other's ass,8,translated,ACT: Rimming,defer,,Taxonomy review 2026-09-07: Insufficient information to infer rimming; retain for contextual review.
impregnation,6,translated,THEME: Pregnant; ACT: Cumshot - internal,map,THEME: Impregnation fantasy,Taxonomy review 2026-09-07: A fantasy does not establish pregnancy or an internal cumshot.
camel toe,125,translated,WARD: Thong,ignore,,Taxonomy review 2026-09-07: Clothing effect; does not establish thong use or labia anatomy.
fat pussy,2,translated,BODY: Large labia,defer,,Taxonomy review 2026-09-07: Ambiguous anatomy descriptor; do not infer large labia.
tanned skin,339,translated,BODY: Tan lines,ignore,,Taxonomy review 2026-09-07: Skin tone does not establish tan lines; matches the skin-tone noise policy.
wife,1129,translated,THEME: Wife sharing,ignore,,"Taxonomy review 2026-09-07: Relationship/archetype alone does not establish sharing, cheating, real marriage or age difference."
husband,207,translated,THEME: Wife sharing,ignore,,"Taxonomy review 2026-09-07: Relationship/archetype alone does not establish sharing, cheating, real marriage or age difference."
other person's mom,55,translated,THEME: Older/younger,ignore,,"Taxonomy review 2026-09-07: Relationship/archetype alone does not establish sharing, cheating, real marriage or age difference."
other person's dad,2,needs_decision,,ignore,,"Taxonomy review 2026-09-07: Relationship/archetype alone does not establish sharing, cheating, real marriage or age difference."
married woman,0,absent,,ignore,,"Taxonomy review 2026-09-07: Relationship/archetype alone does not establish sharing, cheating, real marriage or age difference."
young wife,0,absent,,ignore,,"Taxonomy review 2026-09-07: Relationship/archetype alone does not establish sharing, cheating, real marriage or age difference."
orgy,163,translated,THEME: Gangbang,map,THEME: Orgy,Taxonomy review 2026-09-07: Group premise is distinct from many-on-one gangbang; cast remains performer-derived.
orgy (mixed),6,translated,THEME: Gangbang,map,THEME: Orgy,Taxonomy review 2026-09-07: Group premise is distinct from many-on-one gangbang; cast remains performer-derived.
group sex,320,translated,THEME: Gangbang,map,THEME: Orgy,Taxonomy review 2026-09-07: Group premise is distinct from many-on-one gangbang; cast remains performer-derived.
foursome,163,translated,THEME: Gangbang,ignore,,Taxonomy review 2026-09-07: Cast and age remain derived from performer metadata; do not guess counts or approximate age buckets.
couple sex (fm),16,translated,CAST: 1M1F,ignore,,Taxonomy review 2026-09-07: Cast and age remain derived from performer metadata; do not guess counts or approximate age buckets.
threesome / foursome,0,absent,,ignore,,Taxonomy review 2026-09-07: Cast and age remain derived from performer metadata; do not guess counts or approximate age buckets.
all girl,1,needs_decision,,ignore,,Taxonomy review 2026-09-07: Cast and age remain derived from performer metadata; do not guess counts or approximate age buckets.
lesbian - group sex,1,needs_decision,,ignore,,Taxonomy review 2026-09-07: Cast and age remain derived from performer metadata; do not guess counts or approximate age buckets.
young (22-30),30,translated,AGE: 23-29,ignore,,Taxonomy review 2026-09-07: Cast and age remain derived from performer metadata; do not guess counts or approximate age buckets.
old (60+),17,translated,AGE: 60+,ignore,,Taxonomy review 2026-09-07: Cast and age remain derived from performer metadata; do not guess counts or approximate age buckets.
washing,112,translated,SET: Bathroom,ignore,,Taxonomy review 2026-09-07: Generic activity/material does not establish a bathroom or pool setting.
water,206,translated,SET: Pool/water,ignore,,Taxonomy review 2026-09-07: Generic activity/material does not establish a bathroom or pool setting.
library,5,translated,SET: School,ignore,,Compact taxonomy review 2026-09-07: Omit optional detail rather than expanding the taxonomy or forcing a misleading substitute.
orgasm,1303,translated,KINK: Chastity/orgasm control,ignore,,Compact taxonomy review 2026-09-07: Omit optional detail rather than expanding the taxonomy or forcing a misleading substitute.
shaking orgasm,16,translated,KINK: Chastity/orgasm control,ignore,,Compact taxonomy review 2026-09-07: Omit optional detail rather than expanding the taxonomy or forcing a misleading substitute.
intense orgasm,12,translated,KINK: Chastity/orgasm control,ignore,,Compact taxonomy review 2026-09-07: Omit optional detail rather than expanding the taxonomy or forcing a misleading substitute.
multiple orgasms,200,translated,KINK: Chastity/orgasm control,ignore,,Compact taxonomy review 2026-09-07: Omit optional detail rather than expanding the taxonomy or forcing a misleading substitute.
screaming orgasm,3,translated,KINK: Chastity/orgasm control,ignore,,Compact taxonomy review 2026-09-07: Omit optional detail rather than expanding the taxonomy or forcing a misleading substitute.
announcing orgasm,10,translated,KINK: Chastity/orgasm control,ignore,,Compact taxonomy review 2026-09-07: Omit optional detail rather than expanding the taxonomy or forcing a misleading substitute.
strong orgasmic contractions,3,translated,KINK: Chastity/orgasm control,ignore,,Compact taxonomy review 2026-09-07: Omit optional detail rather than expanding the taxonomy or forcing a misleading substitute.
bound orgasm,5,translated,KINK: Chastity/orgasm control,map,KINK: Bondage,Compact taxonomy review 2026-09-07: Omit optional detail; retain only independently supported outputs.
orgasmic massage,3,translated,THEME: Massage; KINK: Chastity/orgasm control,map,THEME: Massage,Compact taxonomy review 2026-09-07: Omit optional detail; retain only independently supported outputs.
full movie,0,translated,PROD: Compilation,ignore,,Compact taxonomy review 2026-09-07: Omit optional detail rather than expanding the taxonomy or forcing a misleading substitute.
interactive,269,translated,PROD: POV,map,PROD: Interactive,Taxonomy review 2026-09-07: Interaction format is independent of camera viewpoint.
virtual reality,8,translated,PROD: POV,map,PROD: VR,Taxonomy review 2026-09-07: VR format is separate from POV; virtual sex requires further review.
virtual sex,3,translated,PROD: POV,defer,,Taxonomy review 2026-09-07: Could mean remote interaction or VR; provider context required.
one-piece,137,translated,WARD: Bikini,map,WARD: Swimwear,Taxonomy review 2026-09-07: One-piece swimwear is not a bikini.
school swimsuits,0,absent,,map,WARD: Swimwear,Taxonomy review 2026-09-07: One-piece swimwear is not a bikini.
ass jiggle,73,translated,BODY: Big ass,ignore,,Taxonomy review 2026-09-07: Motion or arrangement does not establish size.
ass stacking,57,translated,BODY: Big ass,ignore,,Taxonomy review 2026-09-07: Motion or arrangement does not establish size.
female boss,15,translated,THEME: Roleplay; KINK: Dom/Sub,map,THEME: Roleplay,Taxonomy review 2026-09-07: Occupation does not establish domination.
stripper,26,translated,THEME: Roleplay; SET: Club/bar,map,THEME: Roleplay,Taxonomy review 2026-09-07: Occupation does not establish a club setting.
pussy play,14,translated,ACT: Fingering; ACT: Masturbation,defer,,Taxonomy review 2026-09-07: Generic play does not establish fingering or masturbation.
cheating wife,0,absent,,map,THEME: Cheating,Compact taxonomy review 2026-09-07: Explicit narrative premise; does not assert real-world infidelity.
adultery,0,absent,,map,THEME: Cheating,Compact taxonomy review 2026-09-07: Explicit narrative premise; does not assert real-world infidelity.
big asses,0,absent,,map,BODY: Big ass,Taxonomy review 2026-09-07: Plural synonym.
slender,0,absent,,map,BODY: Slim,Taxonomy review 2026-09-07: Body-shape synonym.
stepfamily,0,absent,,map,THEME: Step-family,Taxonomy review 2026-09-07: Spelling variant.
sex toys,0,absent,,map,ACT: Sex toys,Taxonomy review 2026-09-07: Exact canonical concept without prefix.
shaved pussy,0,absent,,map,BODY: Shaved,Taxonomy review 2026-09-07: Explicit grooming synonym.
pierced nippled,1,needs_decision,,map,BODY: Pierced,Taxonomy review 2026-09-07: Unambiguous typo of pierced nipples.
head band,1,needs_decision,,ignore,,Taxonomy review 2026-09-07: Minor wardrobe detail; consistent with hat and cap.
headband,9,translated,WARD: Casual,ignore,,Taxonomy review 2026-09-07: Minor wardrobe detail; consistent with hat and cap.
hot girls,1,needs_decision,,ignore,,"Taxonomy review 2026-09-07: Brand, performer, technical, subjective or derived-demographic noise."
girlgirlxxx,1,needs_decision,,ignore,,"Taxonomy review 2026-09-07: Brand, performer, technical, subjective or derived-demographic noise."
girlgirlxxx.com,1,needs_decision,,ignore,,"Taxonomy review 2026-09-07: Brand, performer, technical, subjective or derived-demographic noise."
madelynn may,1,needs_decision,,ignore,,"Taxonomy review 2026-09-07: Brand, performer, technical, subjective or derived-demographic noise."
rebeca linares,1,needs_decision,,ignore,,"Taxonomy review 2026-09-07: Brand, performer, technical, subjective or derived-demographic noise."
suki sin,1,needs_decision,,ignore,,"Taxonomy review 2026-09-07: Brand, performer, technical, subjective or derived-demographic noise."
taylor wild,1,needs_decision,,ignore,,"Taxonomy review 2026-09-07: Brand, performer, technical, subjective or derived-demographic noise."
digital mosaic,0,absent,,ignore,,"Taxonomy review 2026-09-07: Brand, performer, technical, subjective or derived-demographic noise."
over 4 hours,0,absent,,ignore,,"Taxonomy review 2026-09-07: Brand, performer, technical, subjective or derived-demographic noise."
beautiful tits,0,absent,,ignore,,"Taxonomy review 2026-09-07: Brand, performer, technical, subjective or derived-demographic noise."
mature woman,0,absent,,ignore,,"Taxonomy review 2026-09-07: Brand, performer, technical, subjective or derived-demographic noise."
milf,0,absent,,ignore,,"Taxonomy review 2026-09-07: Brand, performer, technical, subjective or derived-demographic noise."
no piercing,9,translated,BODY: Pierced,ignore,,"Taxonomy review 2026-09-07: Brand, performer, technical, subjective or derived-demographic noise."
college girl,0,absent,,ignore,,"Taxonomy review 2026-09-07: Brand, performer, technical, subjective or derived-demographic noise."
vertical video,0,absent,,ignore,,"Taxonomy review 2026-09-07: Brand, performer, technical, subjective or derived-demographic noise."
loud,1,needs_decision,,ignore,,"Taxonomy review 2026-09-07: Brand, performer, technical, subjective or derived-demographic noise."
gfingering,1,needs_decision,,map,ACT: Fingering,Taxonomy review 2026-09-07: Clear fingering typo.
dp airtight,1,needs_decision,,map,ACT: DP,Taxonomy review 2026-09-07: Explicit DP label; do not infer cast count.
firsts,1,needs_decision,,map,THEME: First time,Taxonomy review 2026-09-07: Generic first-time premise; specific act unspecified.
unedited,1,needs_decision,,ignore,,Compact taxonomy review 2026-09-07: Omit optional detail rather than expanding the taxonomy or forcing a misleading substitute.
golden squirt,1,needs_decision,,defer,,Taxonomy review 2026-09-07: Ambiguous provider label; requires context before translation.
private sex,1,needs_decision,,defer,,Taxonomy review 2026-09-07: Ambiguous provider label; requires context before translation.
friends,10,translated,THEME: Cheating,ignore,,Taxonomy review 2026-09-07: Relationship alone does not establish cheating.
roommates,3,translated,THEME: Cheating,ignore,,Taxonomy review 2026-09-07: Relationship alone does not establish cheating.
other person's friend,12,translated,THEME: Cheating,ignore,,Taxonomy review 2026-09-07: Relationship alone does not establish cheating.
other person's daughter,3,translated,THEME: Cheating,ignore,,Taxonomy review 2026-09-07: Relationship alone does not establish cheating.
nail polish,12,translated,WARD: Jewelry,ignore,,Taxonomy review 2026-09-07: Cosmetic detail is not jewelry.
lilac nail polish,3,translated,WARD: Jewelry,ignore,,Taxonomy review 2026-09-07: Cosmetic detail is not jewelry.
drinking,11,translated,THEME: Holiday/seasonal,ignore,,Taxonomy review 2026-09-07: Generic activity does not establish a holiday.
no birth control,11,translated,ACT: Cumshot - internal,ignore,,Taxonomy review 2026-09-07: Contraceptive detail does not establish an internal cumshot.
silliness,13,translated,PROD: Gonzo,ignore,,Compact taxonomy review 2026-09-07: Omit optional detail rather than expanding the taxonomy or forcing a misleading substitute.
backroom,10,translated,SET: Restaurant,ignore,,Taxonomy review 2026-09-07: Generic room does not establish a restaurant.
dark areolas,3,translated,BODY: Big nipples,ignore,,Taxonomy review 2026-09-07: Color does not establish nipple size.
sagging tits,11,translated,BODY: Big breasts,ignore,,Taxonomy review 2026-09-07: Shape does not establish breast size.
lactation,3,translated,THEME: Pregnant,ignore,,Compact taxonomy review 2026-09-07: Omit optional detail rather than expanding the taxonomy or forcing a misleading substitute.
cmnf,9,translated,THEME: CFNM,ignore,,Taxonomy review 2026-09-07: Opposite clothing/gender pattern from CFNM; follow existing compact clothed-sex policy.
act: ball play,0,absent,,ignore,,Compact taxonomy review 2026-09-07: Omit optional detail rather than expanding the taxonomy or forcing a misleading substitute.
act: breast play,0,absent,,map,ACT: Breast play,Canonical self-mapping.
act: clitoral stimulation,0,absent,,ignore,,Compact taxonomy review 2026-09-07: Omit optional detail rather than expanding the taxonomy or forcing a misleading substitute.
act: facesitting,0,absent,,map,ACT: Facesitting,Canonical self-mapping.
act: groping,0,absent,,ignore,,Compact taxonomy review 2026-09-07: Omit optional detail rather than expanding the taxonomy or forcing a misleading substitute.
act: orgasm,0,absent,,ignore,,Compact taxonomy review 2026-09-07: Omit optional detail rather than expanding the taxonomy or forcing a misleading substitute.
body: augmented ass,0,absent,,ignore,,Compact taxonomy review 2026-09-07: Omit optional detail rather than expanding the taxonomy or forcing a misleading substitute.
body: augmented lips,0,absent,,ignore,,Compact taxonomy review 2026-09-07: Omit optional detail rather than expanding the taxonomy or forcing a misleading substitute.
body: lactation,0,absent,,ignore,,Compact taxonomy review 2026-09-07: Omit optional detail rather than expanding the taxonomy or forcing a misleading substitute.
body: natural ass,0,absent,,ignore,,Compact taxonomy review 2026-09-07: Omit optional detail rather than expanding the taxonomy or forcing a misleading substitute.
kink: dirty talk,0,absent,,map,KINK: Dirty talk,Canonical self-mapping.
kink: food play,0,absent,,map,KINK: Food play,Canonical self-mapping.
prod: behind the scenes,0,absent,,map,PROD: Behind the scenes,Canonical self-mapping.
prod: comedy,0,absent,,ignore,,Compact taxonomy review 2026-09-07: Omit optional detail rather than expanding the taxonomy or forcing a misleading substitute.
prod: female directed,0,absent,,ignore,,Compact taxonomy review 2026-09-07: Omit optional detail rather than expanding the taxonomy or forcing a misleading substitute.
prod: full movie,0,absent,,ignore,,Compact taxonomy review 2026-09-07: Omit optional detail rather than expanding the taxonomy or forcing a misleading substitute.
prod: interactive,0,absent,,map,PROD: Interactive,Canonical self-mapping.
prod: interview,0,absent,,map,PROD: Interview,Canonical self-mapping.
prod: live show,0,absent,,ignore,,Compact taxonomy review 2026-09-07: Omit optional detail rather than expanding the taxonomy or forcing a misleading substitute.
prod: photoshoot,0,absent,,map,PROD: Photoshoot,Canonical self-mapping.
prod: unedited,0,absent,,ignore,,Compact taxonomy review 2026-09-07: Omit optional detail rather than expanding the taxonomy or forcing a misleading substitute.
prod: vr,0,absent,,map,PROD: VR,Canonical self-mapping.
set: library,0,absent,,ignore,,Compact taxonomy review 2026-09-07: Omit optional detail rather than expanding the taxonomy or forcing a misleading substitute.
theme: glory hole,0,absent,,map,THEME: Glory hole,Canonical self-mapping.
theme: impregnation fantasy,0,absent,,map,THEME: Impregnation fantasy,Canonical self-mapping.
theme: orgy,0,absent,,map,THEME: Orgy,Canonical self-mapping.
theme: partner sharing,0,absent,,ignore,,Compact taxonomy review 2026-09-07: Omit optional detail rather than expanding the taxonomy or forcing a misleading substitute.
theme: revenge,0,absent,,ignore,,Compact taxonomy review 2026-09-07: Omit optional detail rather than expanding the taxonomy or forcing a misleading substitute.
theme: size contrast,0,absent,,ignore,,Compact taxonomy review 2026-09-07: Omit optional detail rather than expanding the taxonomy or forcing a misleading substitute.
ward: sheer clothing,0,absent,,map,WARD: Sheer clothing,Canonical self-mapping.
ward: swimwear,0,absent,,map,WARD: Swimwear,Canonical self-mapping.
demo: female caucasian,0,translated,DEMO: Caucasian Female,ignore,,"Compact taxonomy review 2026-09-07: Derive factual metadata from structured scene/performer fields, never provider labels or legacy reconciliation guesses."
demo: male caucasian,0,translated,DEMO: Caucasian Male,ignore,,"Compact taxonomy review 2026-09-07: Derive factual metadata from structured scene/performer fields, never provider labels or legacy reconciliation guesses."
demo: female latin,0,translated,DEMO: Latin Female,ignore,,"Compact taxonomy review 2026-09-07: Derive factual metadata from structured scene/performer fields, never provider labels or legacy reconciliation guesses."
demo: male latin,0,translated,DEMO: Latin Male,ignore,,"Compact taxonomy review 2026-09-07: Derive factual metadata from structured scene/performer fields, never provider labels or legacy reconciliation guesses."
demo: female asian,0,translated,DEMO: Asian Female,ignore,,"Compact taxonomy review 2026-09-07: Derive factual metadata from structured scene/performer fields, never provider labels or legacy reconciliation guesses."
demo: female black,0,translated,DEMO: Black Female,ignore,,"Compact taxonomy review 2026-09-07: Derive factual metadata from structured scene/performer fields, never provider labels or legacy reconciliation guesses."
demo: male black,0,translated,DEMO: Black Male,ignore,,"Compact taxonomy review 2026-09-07: Derive factual metadata from structured scene/performer fields, never provider labels or legacy reconciliation guesses."
demo: female mixed,0,translated,DEMO: Mixed Female,ignore,,"Compact taxonomy review 2026-09-07: Derive factual metadata from structured scene/performer fields, never provider labels or legacy reconciliation guesses."
demo: male mixed,0,translated,DEMO: Mixed Male,ignore,,"Compact taxonomy review 2026-09-07: Derive factual metadata from structured scene/performer fields, never provider labels or legacy reconciliation guesses."
demo: interracial,0,translated,DEMO: Interracial,ignore,,"Compact taxonomy review 2026-09-07: Derive factual metadata from structured scene/performer fields, never provider labels or legacy reconciliation guesses."
demo: bbc,0,translated,DEMO: Interracial,ignore,,"Compact taxonomy review 2026-09-07: Derive factual metadata from structured scene/performer fields, never provider labels or legacy reconciliation guesses."
cast: m-f,0,translated,CAST: 1M1F,ignore,,"Compact taxonomy review 2026-09-07: Derive factual metadata from structured scene/performer fields, never provider labels or legacy reconciliation guesses."
cast: mff,0,translated,CAST: 1M2F,ignore,,"Compact taxonomy review 2026-09-07: Derive factual metadata from structured scene/performer fields, never provider labels or legacy reconciliation guesses."
cast: mmf,0,translated,CAST: 2M1F,ignore,,"Compact taxonomy review 2026-09-07: Derive factual metadata from structured scene/performer fields, never provider labels or legacy reconciliation guesses."
cast: solo f,0,translated,CAST: 1F,ignore,,"Compact taxonomy review 2026-09-07: Derive factual metadata from structured scene/performer fields, never provider labels or legacy reconciliation guesses."
cast: f-f,0,translated,CAST: 2F,ignore,,"Compact taxonomy review 2026-09-07: Derive factual metadata from structured scene/performer fields, never provider labels or legacy reconciliation guesses."
cast: group,0,translated,CAST: Group,ignore,,"Compact taxonomy review 2026-09-07: Derive factual metadata from structured scene/performer fields, never provider labels or legacy reconciliation guesses."
age: 18-22,0,translated,AGE: 18-22 (F),ignore,,"Compact taxonomy review 2026-09-07: Derive factual metadata from structured scene/performer fields, never provider labels or legacy reconciliation guesses."
age: 22-30,0,translated,AGE: 23-29 (F),ignore,,"Compact taxonomy review 2026-09-07: Derive factual metadata from structured scene/performer fields, never provider labels or legacy reconciliation guesses."
age: 30-40,0,translated,AGE: 30-39 (F),ignore,,"Compact taxonomy review 2026-09-07: Derive factual metadata from structured scene/performer fields, never provider labels or legacy reconciliation guesses."
age: 40-60,0,translated,AGE: 40-49 (F),ignore,,"Compact taxonomy review 2026-09-07: Derive factual metadata from structured scene/performer fields, never provider labels or legacy reconciliation guesses."
age: 60+,0,translated,AGE: 60+ (F),ignore,,"Compact taxonomy review 2026-09-07: Derive factual metadata from structured scene/performer fields, never provider labels or legacy reconciliation guesses."
cast: m-m,0,translated,CAST: 2M,ignore,,"Compact taxonomy review 2026-09-07: Derive factual metadata from structured scene/performer fields, never provider labels or legacy reconciliation guesses."
cast: solo m,0,translated,CAST: 1M,ignore,,"Compact taxonomy review 2026-09-07: Derive factual metadata from structured scene/performer fields, never provider labels or legacy reconciliation guesses."
cast: trans,0,translated,CAST: 1TF,ignore,,"Compact taxonomy review 2026-09-07: Derive factual metadata from structured scene/performer fields, never provider labels or legacy reconciliation guesses."
demo: female indian,0,translated,DEMO: Indian Female,ignore,,"Compact taxonomy review 2026-09-07: Derive factual metadata from structured scene/performer fields, never provider labels or legacy reconciliation guesses."
demo: female middle eastern,0,translated,DEMO: Middle Eastern Female,ignore,,"Compact taxonomy review 2026-09-07: Derive factual metadata from structured scene/performer fields, never provider labels or legacy reconciliation guesses."
demo: female other,0,translated,DEMO: Other Female,ignore,,"Compact taxonomy review 2026-09-07: Derive factual metadata from structured scene/performer fields, never provider labels or legacy reconciliation guesses."
demo: male asian,0,translated,DEMO: Asian Male,ignore,,"Compact taxonomy review 2026-09-07: Derive factual metadata from structured scene/performer fields, never provider labels or legacy reconciliation guesses."
demo: male middle eastern,0,translated,DEMO: Middle Eastern Male,ignore,,"Compact taxonomy review 2026-09-07: Derive factual metadata from structured scene/performer fields, never provider labels or legacy reconciliation guesses."
interracial - black men,4,translated,DEMO: Interracial,ignore,,"Compact taxonomy review 2026-09-07: Derive factual metadata from structured scene/performer fields, never provider labels or legacy reconciliation guesses."
interracial - latin girls,0,translated,DEMO: Interracial,ignore,,"Compact taxonomy review 2026-09-07: Derive factual metadata from structured scene/performer fields, never provider labels or legacy reconciliation guesses."
south asian woman,15,translated,DEMO: Indian,ignore,,"Compact taxonomy review 2026-09-07: Derive factual metadata from structured scene/performer fields, never provider labels or legacy reconciliation guesses."
average height woman,300,translated,BODY: Average body,ignore,,Compact taxonomy review 2026-09-07: A height descriptor does not establish average body shape; measurements come from performer metadata.
average height man,11,translated,BODY: Average body,ignore,,Compact taxonomy review 2026-09-07: A height descriptor does not establish average body shape; measurements come from performer metadata.
older / younger,266,translated,THEME: Older/younger,map,THEME: Older/younger,"Compact taxonomy review 2026-09-07: Provider-described age-contrast premise only; does not establish exact ages, genders or cast composition."
older man / younger woman,97,translated,THEME: Older/younger,map,THEME: Older/younger,"Compact taxonomy review 2026-09-07: Provider-described age-contrast premise only; does not establish exact ages, genders or cast composition."
older woman / younger man,59,translated,THEME: Older/younger,map,THEME: Older/younger,"Compact taxonomy review 2026-09-07: Provider-described age-contrast premise only; does not establish exact ages, genders or cast composition."
older woman / younger woman,15,translated,THEME: Older/younger,map,THEME: Older/younger,"Compact taxonomy review 2026-09-07: Provider-described age-contrast premise only; does not establish exact ages, genders or cast composition."
other person's wife,205,translated,THEME: Wife sharing,ignore,,Compact taxonomy review 2026-09-07: A relationship role does not establish consensual sharing or infidelity.
employee's wife,12,translated,THEME: Wife sharing,ignore,,Compact taxonomy review 2026-09-07: A relationship role does not establish consensual sharing or infidelity.
boss's wife,3,translated,THEME: Wife sharing,ignore,,Compact taxonomy review 2026-09-07: A relationship role does not establish consensual sharing or infidelity.
hotwife,418,translated,THEME: Wife sharing,map,THEME: Wife sharing,Compact taxonomy review 2026-09-07: Explicit genre premise; does not assert actual marriage or real-world conduct.
hot wife xxx,0,translated,THEME: Wife sharing,map,THEME: Wife sharing,Compact taxonomy review 2026-09-07: Explicit genre premise; does not assert actual marriage or real-world conduct.
cheating,1479,translated,THEME: Cheating,map,THEME: Cheating,Compact taxonomy review 2026-09-07: Explicit narrative premise; does not assert real-world infidelity.
