source,previous_outputs,decision,reason
demo: female caucasian,DEMO: Caucasian Female,ignore,"Compact taxonomy review 2026-09-07: Derive factual metadata from structured scene/performer fields, never provider labels or legacy reconciliation guesses."
demo: male caucasian,DEMO: Caucasian Male,ignore,"Compact taxonomy review 2026-09-07: Derive factual metadata from structured scene/performer fields, never provider labels or legacy reconciliation guesses."
demo: female latin,DEMO: Latin Female,ignore,"Compact taxonomy review 2026-09-07: Derive factual metadata from structured scene/performer fields, never provider labels or legacy reconciliation guesses."
demo: male latin,DEMO: Latin Male,ignore,"Compact taxonomy review 2026-09-07: Derive factual metadata from structured scene/performer fields, never provider labels or legacy reconciliation guesses."
demo: female asian,DEMO: Asian Female,ignore,"Compact taxonomy review 2026-09-07: Derive factual metadata from structured scene/performer fields, never provider labels or legacy reconciliation guesses."
demo: female black,DEMO: Black Female,ignore,"Compact taxonomy review 2026-09-07: Derive factual metadata from structured scene/performer fields, never provider labels or legacy reconciliation guesses."
demo: male black,DEMO: Black Male,ignore,"Compact taxonomy review 2026-09-07: Derive factual metadata from structured scene/performer fields, never provider labels or legacy reconciliation guesses."
demo: female mixed,DEMO: Mixed Female,ignore,"Compact taxonomy review 2026-09-07: Derive factual metadata from structured scene/performer fields, never provider labels or legacy reconciliation guesses."
demo: male mixed,DEMO: Mixed Male,ignore,"Compact taxonomy review 2026-09-07: Derive factual metadata from structured scene/performer fields, never provider labels or legacy reconciliation guesses."
demo: interracial,DEMO: Interracial,ignore,"Compact taxonomy review 2026-09-07: Derive factual metadata from structured scene/performer fields, never provider labels or legacy reconciliation guesses."
demo: bbc,DEMO: Interracial,ignore,"Compact taxonomy review 2026-09-07: Derive factual metadata from structured scene/performer fields, never provider labels or legacy reconciliation guesses."
cast: m-f,CAST: 1M1F,ignore,"Compact taxonomy review 2026-09-07: Derive factual metadata from structured scene/performer fields, never provider labels or legacy reconciliation guesses."
cast: mff,CAST: 1M2F,ignore,"Compact taxonomy review 2026-09-07: Derive factual metadata from structured scene/performer fields, never provider labels or legacy reconciliation guesses."
cast: mmf,CAST: 2M1F,ignore,"Compact taxonomy review 2026-09-07: Derive factual metadata from structured scene/performer fields, never provider labels or legacy reconciliation guesses."
cast: solo f,CAST: 1F,ignore,"Compact taxonomy review 2026-09-07: Derive factual metadata from structured scene/performer fields, never provider labels or legacy reconciliation guesses."
cast: f-f,CAST: 2F,ignore,"Compact taxonomy review 2026-09-07: Derive factual metadata from structured scene/performer fields, never provider labels or legacy reconciliation guesses."
cast: group,CAST: Group,ignore,"Compact taxonomy review 2026-09-07: Derive factual metadata from structured scene/performer fields, never provider labels or legacy reconciliation guesses."
age: 18-22,AGE: 18-22 (F),ignore,"Compact taxonomy review 2026-09-07: Derive factual metadata from structured scene/performer fields, never provider labels or legacy reconciliation guesses."
age: 22-30,AGE: 23-29 (F),ignore,"Compact taxonomy review 2026-09-07: Derive factual metadata from structured scene/performer fields, never provider labels or legacy reconciliation guesses."
age: 30-40,AGE: 30-39 (F),ignore,"Compact taxonomy review 2026-09-07: Derive factual metadata from structured scene/performer fields, never provider labels or legacy reconciliation guesses."
age: 40-60,AGE: 40-49 (F),ignore,"Compact taxonomy review 2026-09-07: Derive factual metadata from structured scene/performer fields, never provider labels or legacy reconciliation guesses."
age: 60+,AGE: 60+ (F),ignore,"Compact taxonomy review 2026-09-07: Derive factual metadata from structured scene/performer fields, never provider labels or legacy reconciliation guesses."
cast: m-m,CAST: 2M,ignore,"Compact taxonomy review 2026-09-07: Derive factual metadata from structured scene/performer fields, never provider labels or legacy reconciliation guesses."
cast: solo m,CAST: 1M,ignore,"Compact taxonomy review 2026-09-07: Derive factual metadata from structured scene/performer fields, never provider labels or legacy reconciliation guesses."
cast: trans,CAST: 1TF,ignore,"Compact taxonomy review 2026-09-07: Derive factual metadata from structured scene/performer fields, never provider labels or legacy reconciliation guesses."
demo: female indian,DEMO: Indian Female,ignore,"Compact taxonomy review 2026-09-07: Derive factual metadata from structured scene/performer fields, never provider labels or legacy reconciliation guesses."
demo: female middle eastern,DEMO: Middle Eastern Female,ignore,"Compact taxonomy review 2026-09-07: Derive factual metadata from structured scene/performer fields, never provider labels or legacy reconciliation guesses."
demo: female other,DEMO: Other Female,ignore,"Compact taxonomy review 2026-09-07: Derive factual metadata from structured scene/performer fields, never provider labels or legacy reconciliation guesses."
demo: male asian,DEMO: Asian Male,ignore,"Compact taxonomy review 2026-09-07: Derive factual metadata from structured scene/performer fields, never provider labels or legacy reconciliation guesses."
demo: male middle eastern,DEMO: Middle Eastern Male,ignore,"Compact taxonomy review 2026-09-07: Derive factual metadata from structured scene/performer fields, never provider labels or legacy reconciliation guesses."
interracial - black men,DEMO: Interracial,ignore,"Compact taxonomy review 2026-09-07: Derive factual metadata from structured scene/performer fields, never provider labels or legacy reconciliation guesses."
interracial - latin girls,DEMO: Interracial,ignore,"Compact taxonomy review 2026-09-07: Derive factual metadata from structured scene/performer fields, never provider labels or legacy reconciliation guesses."
south asian woman,DEMO: Indian,ignore,"Compact taxonomy review 2026-09-07: Derive factual metadata from structured scene/performer fields, never provider labels or legacy reconciliation guesses."
